time_index,V1,V2,V3,V4
0,-0.007042934376700961,,-0.3510368463828163,
1,-0.0036071382334283046,-0.05913242829805233,,0.09149618701530719
2,-0.5421371312263699,,-0.8376146525226293,
3,-0.17227168332244733,-0.32743067850659774,,0.42471183912834476
4,-0.06657748758143027,,-0.819465630984878,
5,-0.05856296656091328,-0.45484096323819034,,0.48545820063810186
6,-0.030498695247132657,,-0.12210117206856619,
7,-0.002718656421388209,-0.312330511485993,,0.35824930561458834
8,-0.0031776500845123352,,-0.11112058172147594,
9,-0.003057928595340518,-0.970879111479542,,0.03912668212310312
10,-0.30847775602666955,,-0.10833931261093425,
11,-0.14093459851462534,-0.7692027928718868,,-0.15212083342000576
12,-0.07199152856866567,,-0.18752778836387496,
13,-0.03480401803667202,-0.8879497697992433,,0.3324590095617783
14,-0.37354789165895635,,0.20518044614608305,
15,0.2584663945366145,-0.8213987024631565,,0.5785223968572493
16,0.13274482781415226,,0.0877693852962117,
17,0.06218478525309603,-0.5775096862005957,,-0.0489020675478747
18,0.8672450532100163,,0.056460673081690935,
19,0.4441624351501806,-0.8586160626857672,,0.1157956057685662
20,-0.07780673500398125,,-0.1103656694665514,
21,-0.04650404759403589,-0.5680468940992139,,0.24437469536163306
22,-1.2220678214990413,,-0.05237456827167912,
23,-0.510336245407806,-0.5532375894858601,,0.10707904160990663
24,-0.26859968780541915,,-0.1865447888453621,
25,-0.1785104603266562,-0.5274428266524269,,0.22042738713051974
26,0.031928026526533954,,-0.12699762326125624,
27,-0.4337391713882197,-0.3573284709138562,,0.3043999028604706
28,-0.206795698511185,,-0.4674188668750613,
29,-0.9857273845773851,-0.4890238217884482,,0.26782880508131424
30,-0.5338868878065958,,-0.4345887548930891,
31,-0.4480670900095925,-0.66778365079155,,-0.3791947356139434
32,0.08299480548054686,,-0.21950728333674419,
33,0.5934298050620803,-0.7421722073474148,,0.42378092375958143
34,0.3003588621279603,,-0.23536281379822685,
35,0.2132587752224653,-0.6741393780651257,,0.24249348174794316
36,0.10864042134648412,,-0.289662193916328,
37,0.07397275762995323,-0.5962249829345335,,0.2692413893145652
38,-0.0047818993500618745,,-0.33091883862238486,
39,-0.5010147309044831,-0.6149824877888329,,0.2663155104296825
40,-0.8428188438368637,,-0.32445274353650366,
41,-0.4260380038838736,-0.9288175389426201,,0.25375833046375984
42,0.9172125172868366,,-0.4095232922210042,
43,0.471718785944948,-1.106602367776478,,0.38008494059751624
44,0.2271597844756919,,-0.5746056107575417,
45,0.8153420268634827,-0.8437627817223803,,0.45440505001590065
46,0.41892521539154465,,-0.6235891214161461,
47,0.21466282082596452,-0.9767654719327155,,0.3217394848640388
48,0.11155392354133471,,-3.762722510026551,
49,0.05690194098567607,-0.7482799519816765,,-0.2652282044280122
50,0.02617910313878451,,-3.8133589280055085,
51,-0.28206822171973345,-0.5373598413449093,,-0.4685034756547832
52,-0.13184301224060768,,-3.700631791676618,
53,-0.06761038898118452,-0.40739641285050404,,-0.015743414553683464
54,0.1352026808283761,,-3.596611340951895,
55,0.06422903036752817,-0.4860460545015505,,-0.5654328456395938
56,-0.6599259285634622,,-3.548076248634083,
57,-0.3380892072475838,-0.6712792112325852,,0.0758721586048644
58,0.31774179011881787,,-3.335219929456845,
59,0.1570991091877946,-2.0762363357264833,,0.007689643628597767
60,0.00999763288005523,,-3.358042836506154,
61,-0.16492603827799726,-1.448139820012667,,0.11920306882119218
62,-0.20023725669834141,,-2.743354381120477,
63,-0.1052595691030973,-1.1192955597152658,,0.5287770184252194
64,-0.21820589291461084,,-2.248604910521069,
65,0.22415168464270707,-0.8927776768444884,,0.5129928158973052
66,0.11254468043373038,,-2.159532395904024,
67,0.05776959885608236,-0.6796378688112175,,0.5446145681341996
68,0.3270920941448383,,-2.1379042571516615,
69,0.5072697893741616,-0.613022479252774,,0.47275198726397993
70,0.2588426465671539,,-2.818267861513132,
71,0.13622849596941722,-0.6556032075288287,,0.38250981734956024
72,0.10948219146988847,,-2.839363836048603,
73,0.05535555659362577,-1.130605555499953,,0.24019026261058504
74,-0.5337373558917747,,-2.8181055700650566,
75,-0.24529783738663952,-1.1630324736672488,,0.4277958195643777
76,-0.05409654258790983,,-2.6529062322657855,
77,-0.02053296938563432,-0.8365501069194154,,0.41107362588043356
78,-0.08928858134715473,,-2.596481348649285,
79,-0.04648367452708512,-0.9527459785716447,,1.0774677897404341
80,-0.044425666560776095,,-2.7537658210331433,
81,-0.025445442544678225,-0.5932984129813064,,0.17115424994145148
82,0.2050923312405419,,-2.662798393669995,
83,0.46290349996997465,-0.5202014173899284,,0.39018582372589705
84,0.2670805716544121,,-2.4863788016862274,
85,0.15331296048400464,-0.43135354750077004,,0.24747060594555506
86,0.10949928258004625,,-2.392370136573356,
87,0.05608141829377878,0.13075440523447274,,0.3532643928773486
88,0.02867957223350614,,-2.3785138811682436,
89,-0.01588122562473706,0.07369183227586604,,0.2621678195212326
90,-0.008151230857997366,,-2.3467786785232234,
91,1.1500616027378336,0.4273156460355992,,0.4051414677808056
92,0.6546526696737675,,-2.2789321851797464,
93,0.3312853204403178,-1.335886199511189,,-1.76443960957516
94,0.15916194541728654,,-2.3209487822886667,
95,0.016909985229178276,-4.4624037053414165,,1.2150760955754458
96,0.013907606111661095,,-2.3039496740422525,
97,0.013125686496310705,-3.107424898872443,,-0.33805621061052576
98,-0.2938220277159491,,-0.758513485731068,
99,-0.13898220141131293,-2.314150768739687,,0.5401310688772298
100,-0.08964960424218366,,-0.6717753819120945,
101,0.24449852746213624,-1.6575217192841696,,0.4084282810295987
102,0.12560920559199015,,-1.6356977238034442,
103,0.5711653573117826,-1.2008509512071845,,0.8339489210708072
104,0.2829152201278269,,-1.6386008218714396,
105,0.1425106339834701,-0.9737064564273852,,0.439236266691607
106,0.07568365974336029,,-1.6772376136569926,
107,0.15650352006173227,-0.8472389101513196,,0.20862285890708832
108,0.09827634316712312,,-1.5598235975139338,
109,-0.13735708394507354,-0.6041749211752564,,0.7147362736455769
110,-0.06973751597779344,,-1.5576494764636177,
111,-0.03571595153694129,-0.4175299491558183,,0.28381921625803197
112,-0.026191574971485963,,-1.516345308057888,
113,-0.04063742971133489,-0.5143598504206394,,0.6127442884587312
114,0.5129016361490155,,-1.1711181114759752,
115,0.25674025343751494,-0.6368125141326498,,0.48856796500530764
116,0.07096017726948492,,-1.2639970164650827,
117,0.06220447844300639,-0.4765161752738081,,0.5784211979627318
118,0.03208177451773484,,-2.1855536027011295,
119,0.01638755739034136,-0.3561759025659527,,0.4402007706615308
120,0.05608632195643558,,-2.1605614337844394,
121,0.04039156693882924,-0.2727678673267058,,0.423526113643725
122,0.025438376889661114,,-2.1411258059765115,
123,0.10266866229233271,0.9118720935311699,,-1.0725685352306495
124,0.05486504753860131,,-2.1109648603907143,
125,0.004620309331352688,0.6060931772784004,,0.7793670765115656
126,-0.002388540173663941,,-1.9775638521296237,
127,-0.015363147953754198,0.43095441336998186,,0.045411883514025767
128,-0.006946025202207864,,-2.386928086729227,
129,-0.1288248937914028,0.4745806620914692,,0.47497882798462515
130,-0.6812687145455893,,-2.2875406088411587,
131,-0.3488528718785756,-0.032138721773125094,,0.16440142371364214
132,-0.41741087045219816,,-2.0951662178591497,
133,-0.9575291694901268,-0.24276769230757153,,0.4433358143312738
134,-0.48520873711646806,,-1.9484134556079487,
135,-0.28445710852071304,-0.5167579411552196,,0.7823763891951853
136,-0.13347706693380854,,0.6908168393674032,
137,-0.08332192379911921,-0.32106556141034426,,0.1716165390771261
138,-0.18390707891761304,,0.5897914538332143,
139,-0.28648016985056607,-0.37105655525140413,,-0.2880993305104771
140,-0.16037815663873445,,0.9495221775450831,
141,-0.08418314738613851,-0.342099210699019,,-0.2165745709044723
142,-0.09895330355951085,,-0.4114317800439363,
143,-0.05290169124344368,-0.290015884891654,,0.4115045379198213
144,-0.3895546217432715,,-0.3762587054096394,
145,-0.19951558898943206,-0.4064188172710311,,0.5656483458401003
146,-0.6792330567259389,,-0.23863199098927826,
147,-0.34860730607825585,-1.4504198608693262,,0.014042861486594845
148,-0.14464037824142853,,-0.2388382555501523,
149,0.056115567707656175,-1.4526918722384776,,0.43931218161776453
150,0.5326138144337422,,-0.21143941280943532,
151,-0.10415205370784325,-1.817422792649804,,0.2681249794806635
152,-0.009665870022691904,,-0.32351551885950874,
153,0.170577628754529,-1.2676064654649077,,1.0404714709739946
154,0.18164350780634464,,-0.315607526848585,
155,0.012770906279663083,-1.0081763419785181,,-0.0740707279803359
156,0.0135239116420715,,-0.3150408315030592,
157,0.6504698448867949,-0.7069686792351607,,0.4556570524692237
158,-0.002515747224170861,,-0.2337478812244052,
159,0.009519512902251876,-0.5312144689982662,,0.1471191126269042
160,0.14248703322214423,,0.08625367788733723,
161,0.03917542767767632,-0.7609796252587727,,0.08214347685031971
162,0.039876748528392854,,-0.7659958797700146,
163,-0.10238766637719063,-3.4622048285618083,,0.578610059257847
164,-0.10601928871381719,,-0.74569579956074,
165,-0.10884919587524006,-2.6350081990784786,,0.10484317480897618
166,-0.055037453536033426,,-0.7162282429655453,
167,-0.028263518553812556,-2.187212773518712,,0.2337053979031376
168,0.07238096630727503,,-0.6916694605110892,
169,-0.046061476938948485,-1.926200470516437,,0.5329683831088323
170,-0.02381726620620712,,-0.6968522750988201,
171,0.0765732057449366,-1.341742531742305,,0.47695422503549256
172,0.05685286506543247,,-0.7526624622594502,
173,-0.2033134629624434,-0.9538667300809919,,0.4833918642101749
174,-0.07469486409881733,,-0.7496371731149829,
175,-0.04920623192321551,-0.6308672585135702,,0.4251817664620873
176,-0.019477797465548816,,-0.9788659398121237,
177,-0.007257415750450852,-0.27823881722940585,,0.028968458914494843
178,0.1775638500093519,,-0.969515355746762,
179,0.09110019074020341,-0.7098489795150666,,0.5993147548700595
180,-0.5904199756554608,,-1.0114640698005568,
181,-0.5594482368848984,-0.9824797419162569,,0.3949261829830251
182,-0.24744276045367924,,-0.8660629796216348,
183,-0.12845497515680085,-0.8119044639546135,,-0.06829603710250742
184,0.08157784487832538,,-0.7944745965378367,
185,0.043825712570127046,-0.5799538620335946,,0.6422572844624058
186,-0.019584082512735124,,-0.7685711318785887,
187,0.11678498748381921,-0.41254282816961524,,0.3238843066241794
188,0.007179548776722437,,-0.9803363686526935,
189,-0.861162383465226,-0.29099951807811625,,0.4916335730624934
190,0.43796608956030797,,-0.9688965882662119,
191,-0.4732965064142488,-0.43323166403189534,,0.41743768256946245
192,-0.2166294022743378,,-1.451207806842545,
193,-0.028195404792253312,-0.4154964878084039,,0.5572669611428114
194,-0.014122594723304824,,-1.3770216259996109,
195,-0.4842782808413309,-0.29610548087953004,,0.45304306875641653
196,-0.1434574973534255,,-1.8329861200695716,
197,-0.3730335254517975,-0.28138153190381876,,0.46092848018607346
198,-0.4336247137424455,,-1.7481957451214576,
199,-0.22681777731729952,-0.44053842515792946,,0.4960572674399497
200,-0.06714348223282207,,-1.5125208873392904,
201,-0.031685404682760446,-0.22328198300044363,,0.4516847423337176
202,0.03706733832439514,,-1.390762283069485,
203,0.01025276891241311,-0.1747058653021725,,0.4978126997144261
204,0.00474062694755746,,-0.3588568215882033,
205,-0.14461291338734394,0.07320175034294121,,0.08820703016701492
206,-0.07724698985092439,,-0.26048540525312663,
207,-0.01869682725641388,-0.028835147290627812,,0.13806028206876414
208,-0.012271203865982423,,-0.2293434702712324,
209,0.00446345360830681,-0.35996473022763936,,0.7032649032562642
210,-0.01655425734182743,,-0.2251753759592848,
211,-0.029267164143983226,-0.2588119602809023,,0.4483112128790304
212,-0.014983581663531993,,-0.22299285556218,
213,-0.008414189217001551,-0.10077769807607889,,0.011536030081147688
214,0.016478553595394102,,-0.21578683972263069,
215,0.009006462115330334,-0.3263618733813285,,0.1482073951704972
216,0.5317297823665502,,-0.2161712111267043,
217,0.2712754296126902,-0.5079568409143884,,0.16686174832001266
218,0.13776391860747608,,-0.3296844810272429,
219,-0.04197119922909308,-0.4252029786397442,,0.4354517010915526
220,-0.02149495977455183,,-0.35677031875029924,
221,0.02082831844931857,-0.27868914600721534,,0.182029180284213
222,-0.029903470354753853,,0.11512867457161924,
223,-0.015327739855636072,-0.21907652086737295,,-0.04605847386214909
224,0.029250478833874896,,-0.0030064024337860817,
225,0.014776646221071806,-0.18036622161135193,,-0.22856663133118726
226,-0.006422866160508999,,0.27049587851312207,
227,0.08885362931490631,0.5154057511814866,,-0.4761201709803565
228,0.04559896183601507,,0.27182539423501634,
229,0.02959065989147046,0.1754099171063132,,-0.15197554248635323
230,0.17588950376722803,,0.5167661933881338,
231,0.2403209396963858,0.12903225141825445,,-0.2923297564898321
232,0.11889818608855592,,0.8594189376998405,
233,0.04638950872655813,0.027639050019973545,,-0.4712058166671722
234,0.026057154827119303,,0.8330916985739505,
235,0.01311140129797772,0.004180216022305624,,-0.29599764445091403
236,-0.6790346306688321,,0.815659959694263,
237,-0.14033351103965808,0.0025831642022030032,,-0.3459005381855989
238,-0.07187306092832844,,0.6519155431294491,
239,0.00311947832275445,-0.04725610225522757,,-1.2543981034935436
240,-0.1597643488468119,,0.6585335918105681,
241,0.1319477466739553,0.5287485535665066,,0.03358811841021646
242,0.04722188075924787,,0.7253495689015126,
243,0.024060542358553004,0.33742034032956003,,-0.5378739868223035
244,-0.26291561247733475,,0.7025071627086277,
245,-0.13512126454289583,0.10891327481732138,,-0.3074791575883836
246,-0.07041785222440854,,0.7528954890902396,
247,-0.03670236762758353,-0.3792206109195517,,-0.886889621353458
248,-0.010365784919723337,,0.7294732415786759,
249,-0.005287007255568307,-0.26995904106756374,,-0.011661623357062827
250,0.0902014962740051,,0.7066128746140361,
251,0.035937247718535514,-0.24111006678403235,,-0.30190429671537533
252,-0.0804037599672644,,0.6368956340707038,
253,-0.04118061703475721,0.33377261318407,,-0.13993451025812292
254,0.0037196512556274403,,0.2565914041321613,
255,0.19471665401506025,0.24718517026605083,,-0.19861572397614102
256,0.15364657927600697,,0.3018952554527482,
257,-0.47155688665129675,0.10247241919621997,,-0.18744727956174492
258,-0.23615375755411153,,0.2608549047453784,
259,0.19050192464054427,-0.3829660881033522,,-0.12277669039153218
260,0.09759275089010991,,0.2161006339127184,
261,0.03624129899896824,-0.26811984601820704,,-0.09861110515919498
262,0.02151646518091215,,0.6740484281975195,
263,-0.001724767718530043,-0.20285306297129777,,-0.2598556714263564
264,0.02522221264939246,,0.23705475519978925,
265,0.012917692480628955,-0.6374019950456035,,-0.5307603521392059
266,0.27692059974904926,,0.3220628519777488,
267,0.15429153360162373,-0.5889879899735508,,0.28537505525665446
268,0.04109037287251271,,0.09503209075097518,
269,0.04314906331204789,-0.6399660877006825,,0.06490849099826512
270,0.10410506207390696,,1.125145933438051,
271,0.034949676137101315,-0.4966970895706663,,-0.38025478386517914
272,0.010180279808177806,,1.088356571164725,
273,-1.2197304330256096,-0.19304421056645799,,-0.26921192293340174
274,-0.550971350844679,,0.8906070896513454,
275,-0.3024920290746113,-0.4135175756896603,,-0.31863986214764656
276,-1.1109097106941697,,1.1247114796421178,
277,-1.1223377334509723,-1.1198610307636228,,-0.3113574051737348
278,-0.5759293110335468,,1.2417781320553716,
279,-0.2509582595803339,-1.0862432006986105,,-0.20074159486677115
280,-0.1286024623064352,,1.2879393311529694,
281,-0.055365006385646676,-1.3897486058081574,,0.5772901240000196
282,-0.1620010757651686,,1.3269826151879445,
283,-0.32431792149727456,-1.2816439938266693,,-0.4704341481722064
284,-0.0966190805128187,,1.7246352644516776,
285,-0.03756478224898232,-0.6192337334811471,,0.6784212633858132
286,-0.019242172712932878,,1.9881630315357897,
287,0.20089029941712916,-0.003154846988643545,,-1.2514273319516303
288,0.016828579273319683,,1.9583123264099893,
289,0.001196091508299843,-0.08929970663538417,,-0.023944074284467237
290,0.10873446249066263,,1.9196472336295032,
291,0.6764027808867066,0.7676460381822,,-0.5225014761157162
292,0.3464292829029528,,2.5281845908702927,
293,0.6511850319016711,0.20047426367449098,,-0.18713647488907834
294,0.31164131474710116,,2.2651029515659578,
295,0.16319702794939556,-0.024994466519339783,,-0.44953555232567444
296,0.08305845765936982,,2.1568705094537237,
297,-0.35810137922515234,-0.06535146978483312,,-0.10411581761926514
298,-0.1816898626407327,,2.0184507802873957,
299,-0.011903750983525196,-0.14127770611410606,,-0.4776116712596297
300,-0.006422610972309254,,2.012663410562668,
301,-0.0033244041767460627,-0.10595450109144833,,-0.23516669134618345
302,0.2685595960891322,,2.102965133498902,
303,-0.05763168234070906,-0.19371763813457646,,-0.4119248199815205
304,-0.36539160968135415,,2.0076600408478478,
305,-0.21511811530240887,-0.19644921508952443,,-0.7109573903105104
306,-0.28152092215691066,,2.1893770888680573,
307,0.09982932304512468,-0.28519153101232214,,-0.28501140614420656
308,0.054099141867779005,,2.21809990222107,
309,-0.0368104687833304,0.11027724209907969,,-0.21410139499928332
310,-0.04205479021841256,,3.1606394127565447,
311,2.320446381384051,0.055234716153041916,,0.04688133674978903
312,1.1657411846062333,,3.0649125285094536,
313,0.5528014175087186,-0.5732040452831457,,-0.08068529538957957
314,0.28594301300003433,,2.81894308712897,
315,0.17244999463119742,-0.9896902363866136,,-0.008603153180461261
316,0.08941210415594295,,2.6969682051857475,
317,-0.029222569176024095,-1.2768804162482037,,0.3177682503410669
318,-0.17072841727716725,,2.624886755333073,
319,-0.06625511141634625,-0.98590135090646,,-0.1254204834908398
320,-0.03394940302497223,,2.9436739671736305,
321,-0.45963931112006345,-0.7374280015228969,,0.12085244128842498
322,-0.07483802544671456,,2.9029144048574262,
323,0.008278396129202753,-0.22264210571989207,,0.1469930629579449
324,0.00284094282304508,,2.85753481105399,
325,-0.0003079288560825415,-0.20442679557035945,,0.06301500275203997
326,0.001082304084477525,,2.884155537147101,
327,-0.031871261795829275,0.29428222481915456,,-4.096520793340579
328,-0.26143930665501214,,2.88883535674983,
329,-0.13054507217370992,0.06267422326268912,,1.062589428519623
330,-0.36489103428822156,,2.9001936174530405,
331,-0.1809189631490122,-0.30683177859951816,,-0.24556337979645312
332,-0.3920103706030369,,2.9326126897472675,
333,-0.20087128596641934,-0.3950245292193699,,0.04893906622087778
334,-0.10312864022788848,,2.9806581646700034,
335,0.5136592697897345,-0.3093964806390671,,0.0006368958002025779
336,0.1424925945388485,,2.667231331968577,
337,-0.2103027020633429,0.054376466469718054,,-0.18251161371543823
338,-0.13469031207454718,,2.5916100620939595,
339,-0.21088561551800775,-0.0372890910160568,,-0.2749916306160506
340,-0.12852114628530292,,1.6248652662797882,
341,-0.05837264883255319,0.03302608537594744,,-0.5064500373447485
342,0.01610955404177139,,1.6695139382020863,
343,0.4653177467472544,-0.3194315232951353,,-0.4340037724933547
344,0.19834056126256486,,1.8142631595297798,
345,1.9385038165291435,-0.3266202186918232,,-0.34420766447547596
346,1.771644315744214,,1.7778670803109713,
347,0.9065295483416418,-1.0610641643437155,,-0.37825537615153637
348,-0.7388423468580891,,1.526576017176859,
349,-0.37846593846161886,-1.1784275932141028,,-1.0396284987992863
350,-0.19379854770623917,,1.6364456479145362,
351,-1.3147650177063415,-1.0987616772008204,,0.054444211165610074
352,-0.6733351982708093,,1.6559255159652486,
353,-0.34565996997430226,-1.1089830083217942,,-0.3250042598182418
354,-0.22553990329411416,,2.162750890689233,
355,-0.09090795987936798,-1.3094217289298016,,-0.13270381313242954
356,0.055053317221674496,,2.472710320774248,
357,0.01670464465990925,-0.7261255523528165,,-0.04300998660220804
358,0.009763981797620952,,2.399988893709869,
359,-0.02307359677095482,-0.46933238424108736,,0.8090245496874298
360,-0.0604885469991965,,2.3586091643336475,
361,-0.030929822605614665,-0.36132558623331873,,-0.8927845205816911
362,-0.0015009576504124034,,2.353306081571416,
363,-0.01864195395690628,-0.25087905882286105,,-0.03895651012038692
364,-1.0943198181371427,,3.5217997820951186,
365,-0.5403704788336441,-0.7525447191970974,,0.2578179260895287
366,-0.6837204450827397,,3.653312875849093,
367,-0.3499954893506088,-0.9205939847912545,,0.10360001465702484
368,0.3837949939394296,,3.7672159081226804,
369,0.19656554188197364,-0.8450969242458862,,0.8400214609231315
370,-0.067735902481448,,3.5114216806035063,
371,-0.346660083471644,-0.6235529986040527,,2.1124539937378204
372,-0.0171959410783509,,3.4722161870342276,
373,-0.008807630574256462,-1.0492880757176113,,-0.3049259387504792
374,0.011212582145156191,,3.438487823355879,
375,0.08522262032242983,-0.7371410638337997,,0.5982248906951226
376,0.043636200283651505,,3.407912205441182,
377,0.01940985424160896,-1.4114664083137258,,-0.33606774489149027
378,-0.07508036146490896,,3.346383983753387,
379,-2.9673988273938408,-0.9882627798848195,,0.3918335591416937
380,-1.8695918813731298,,3.485685219111787,
381,-0.9575715535724197,-1.6701262549853855,,0.3356804575987164
382,-0.49097212353668995,,3.652766940735355,
383,-0.24488589778061645,-1.4192700265140386,,0.48412206077952297
384,-0.12562509274848715,,3.6229624507939575,
385,-0.06393597737489672,-0.005530463406691499,,0.5815809005611519
386,0.016147202573707047,,3.589788933323872,
387,-0.06105595463054874,0.01738561141418132,,0.08114410784379247
388,-0.033638562441169834,,3.5206019902627363,
389,-0.4323929284660767,-0.16982733173989106,,0.18421836483887188
390,-0.12936985122307518,,2.5153558562191094,
391,-0.066252923478989,-0.1516064847320482,,-0.28033663266441056
392,-0.022180275893189126,,2.628926935291717,
393,0.35563602090041024,-0.11463994287249678,,-0.1558082820247409
394,0.30795635246098896,,2.5913991114153236,
395,0.1577025872577095,-0.09739450387704393,,-0.33521742396333154
396,0.12964139907018085,,2.9454591622982265,
397,-0.22706969872912747,0.28544267001614904,,0.09892637169363033
398,-0.10812741384686325,,2.9159393757537684,
399,-0.05511093884590854,0.19761165225152735,,-0.25225742133532114
400,-0.45201725653987074,,2.923251903070216,
401,0.007662625553975871,-0.302000433181684,,-0.5633204239124951
402,-0.03097832085592138,,2.97465363363698,
403,0.01602723409743262,-0.22512442067889893,,0.16903800016128853
404,0.0008032168512049076,,2.9276928096359645,
405,0.09848672718003455,-0.2200224868399533,,-0.2872459788137493
406,0.2764169014981172,,2.87949603398927,
407,0.08438188798326093,-0.46596272332399113,,0.0033752709819574915
408,-0.31522038980596717,,2.5113651384000475,
409,-0.16167149475556206,-0.49012180776942244,,-0.24921166651454968
410,-0.021624355748742698,,2.6493248335395005,
411,-0.016194600611417906,-0.07994577571129097,,-0.6723485103237776
412,-0.03138800719945062,,2.6964348716849904,
413,-0.004434206385492403,-0.07066200286550374,,-0.09730136584737985
414,-2.108198387757657,,2.650396733167295,
415,-1.1091137792897838,-0.34949992829708565,,-0.1967650613705335
416,-0.833030338131471,,2.846811120459744,
417,-0.42408585850201247,-0.5148204051285232,,0.07401794856560522
418,-0.2571109043050017,,3.499126291755465,
419,-0.27036510343689846,-0.5610235097076884,,0.13679787263266652
420,-0.1429011429475939,,3.489808992143531,
421,-0.38981048009499064,-0.4656094720460346,,0.30956905431879
422,-0.19964716065189883,,3.4418769333941066,
423,-0.13402555075512995,1.2874014782944532,,0.31003032254007656
424,-0.07401922624248645,,2.728374036163906,
425,-0.07479147411386902,0.7325128722989787,,-1.4344570458198662
426,0.03761516337242232,,2.796783024739766,
427,0.019136154304815186,1.0160619104732123,,0.05333046184832425
428,0.02423083597643457,,3.0644009798082332,
429,0.023454534210552616,0.6965905541770205,,-0.3026632417943697
430,-0.04037751610607208,,3.0106241124839483,
431,-0.0021632118956259085,0.4024528797241606,,0.07862994700267834
432,0.0031469003347688665,,2.9819891610845075,
433,0.004697260483255747,-0.08360618215504578,,0.06124560943384355
434,-0.003931713996612449,,2.925332987342078,
435,-0.00979060614783218,-0.01045616325125582,,-0.23667492279311225
436,0.04346138070779691,,2.912518000385508,
437,1.0610788652323375,-0.030069040409714202,,0.028804365522764025
438,0.4862415209640271,,2.961422971622647,
439,0.2643011574301468,-0.2771155046157818,,-0.10538261522756273
440,0.1304526201354134,,2.801839790975302,
441,0.11516030630267605,-0.237953380631177,,-0.30023139296881274
442,0.06740178684397242,,2.7260008818022294,
443,0.15366470086581843,-0.200829846113143,,-0.07681508785955665
444,-2.1042550487990135,,2.8513778786579844,
445,-1.099441038529446,-1.2577674262555938,,-0.08792215138194336
446,-0.659591509845754,,3.0387086406006127,
447,-0.3379450216116582,-1.2381133760233187,,0.2507511133137534
448,-0.21101254863907368,,3.1600404221689646,
449,-0.13440751188705952,-0.89907989173634,,0.20622382498567482
450,-0.03713680216427945,,3.1555472635946438,
451,0.6689701632701038,0.19595112836695705,,0.164590697595242
452,-1.9091053748008704,,3.781663181236385,
453,-0.9807673330783667,-0.5833347774590204,,0.395624935303447
454,-0.49927511677796066,,3.793016311686166,
455,-0.2557107813990424,-0.6694925174737598,,0.40073359164386296
456,-0.13507707075782044,,3.838097964318809,
457,-0.31711988565032745,-0.566370996127277,,0.4242674124383851
458,-0.2461862256738146,,3.615777661041124,
459,-0.0879827773088438,-0.5881487365592712,,0.4402567207538918
460,0.07943259032458541,,4.063606879208804,
461,0.040772873143677224,-0.4429791136082498,,0.48393842346477045
462,-0.03758145170002565,,3.949015232412329,
463,-0.01916019358219439,-0.3286602221236683,,0.39463824745713943
464,-0.011196250824731645,,3.9521867130206947,
465,0.01050748072150429,-0.23087700819969167,,0.3000633689354027
466,0.005547110275876253,,3.893555082108235,
467,-0.021198732420086103,-0.16331759218179348,,0.3823482584637896
468,-0.010164014611125417,,3.7965548618694753,
469,-0.16926029332856785,-0.10063409947519351,,0.28223382106629663
470,-0.03154984188650379,,3.111436118831334,
471,0.14912190623883564,-0.08659171762218418,,0.019547000290047828
472,-0.08730422423144113,,3.03732882116645,
473,-0.037249746020309116,-0.12385159177999863,,-0.022235258653265408
474,-0.11647949798187904,,3.0071338625245394,
475,0.06342712105036144,-0.7280618386986583,,-0.06139019949170422
476,0.10639050569898548,,3.0059270188926295,
477,0.05326986849757724,-0.6065910255908222,,0.12819953444602253
478,0.12577071439967066,,2.916512192249648,
479,0.056403864894710005,-0.48703428531696746,,0.36733355058044004
480,0.002302044665920145,,2.8484127993596573,
481,-0.017215783488519303,0.09392254785515514,,-0.13367971032500098
482,-0.009096739481270051,,2.708660034458319,
483,-0.008041749820667961,0.030309878824990023,,-0.2603806518544355
484,-0.00375100916603321,,2.6667198504344065,
485,-0.025188613239012426,0.07858586063131914,,-0.19622021542678691
486,0.03181567612581028,,3.0604464033383603,
487,0.12271845732577669,-0.05655668102033131,,0.2884586987181112
488,0.050659782430661236,,3.052353062331023,
489,-0.2647448002205212,-0.04388116956605571,,-0.12307698848455491
490,-0.09766237118228724,,2.9525816392975583,
491,0.0975732043364787,-0.08310161550337872,,0.09436613547348405
492,0.04953843501666018,,2.9271737743633106,
493,-0.18756299291438827,-0.10202702555401305,,-0.06401067357672216
494,-0.09416472420102759,,2.9181093582437962,
495,0.3061985291997966,-0.12054745134929998,,0.32985593859178075
496,-0.5037559270603734,,2.8713613932255733,
497,-0.24708925939247287,-0.4535062487922406,,-1.3893420575662645
498,-0.12963536580111978,,2.934879872599009,
499,-0.12904510070235395,-0.5456666419669112,,0.5290636320495039
500,-0.05372681667371321,,2.880112449715658,
501,-0.24662423181655269,-0.43275759999739216,,-0.1823791141075451
502,-0.12369373386900918,,2.8267678790372037,
503,0.16313959196258931,-0.4305312728426751,,-0.02744373540182706
504,0.0841058513741114,,2.8890480930027103,
505,-0.02422039422475923,-0.3679409307193723,,-0.052146917075490073
506,-0.5757231906301614,,3.2879940569539805,
507,-0.5055439100797687,-0.5595020075895755,,0.3045655351700336
508,-0.8831139604386882,,3.3456850587141966,
509,-0.042981497773379784,-1.759721169850231,,-0.10662464841880331
510,-0.023566434533275817,,3.4705521303163787,
511,-0.12624023998341574,-1.2430370626119018,,0.5014999094689737
512,-0.28344878632851755,,3.4222036863682788,
513,-0.26673287515167754,-1.0147818506171047,,0.4679130030547029
514,-0.14039898990981473,,3.394637371862904,
515,-0.2829083106788093,-0.7775296845742655,,0.23629678035316812
516,0.3261481516871868,,3.17398322362767,
517,0.12529288394832883,-0.9131747628922625,,1.0401450070608103
518,0.0162423248611739,,2.4498970589856968,
519,0.011233670036512187,-0.35340354935756596,,-0.3827005206141934
520,0.31098471376206016,,2.2026473258782406,
521,0.3913566334133157,-0.423635294364435,,-0.23787002295968696
522,0.18883029472336996,,2.1156796885771816,
523,0.09837859956124534,-0.3934302496136439,,-0.3117784816494714
524,0.05071875371981746,,2.1198395498283173,
525,0.04085513553958911,-0.2749048492483202,,-0.38109488189440643
526,0.022596454985480238,,2.3265613375250256,
527,-0.07250427336774876,-0.07796927566761105,,-0.09771612340582753
528,-0.23726225060262843,,2.2681703342638224,
529,-0.12097522466891955,-0.15288759592929646,,-0.3992530105428966
530,-0.22774474543991768,,2.2864627297735924,
531,0.13669575330262163,-0.44512004717431686,,-0.38976125252710087
532,0.0700170241517789,,2.307030305674669,
533,-0.07216884765067907,-0.4331210566206684,,-0.17204236394286043
534,-0.04028957274774294,,2.3187748748716404,
535,-0.03369096806909621,-0.294969775320644,,-0.25877170665399735
536,-0.017481350448272554,,2.361885215827778,
537,0.0756651598634491,-0.2133048491871562,,-0.26267297156435293
538,-0.2626084282486226,,2.3275838592779063,
539,-0.7858800284577523,-0.29601524745981544,,-0.23423856682430563
540,-0.3986363455309425,,2.4888218547921115,
541,-0.2047244122026518,-0.26939564019341977,,0.02413884479295303
542,-0.1044176239129825,,2.587834741961686,
543,-0.04469375781268905,-0.24247503571877055,,-0.23873916015704386
544,-0.023483988044854312,,2.57479999692601,
545,0.039112796946588646,-0.1799640209699396,,-0.17735423716315776
546,-0.05118038878831727,,2.136199497561376,
547,-0.026186076750169523,-2.605430717042819,,-0.34962883772777
548,-0.07074789760328276,,2.5930002826650167,
549,-0.1804881008884857,-1.8640824433148562,,0.12459239618326637
550,-0.0691277148680606,,0.6386133542104218,
551,-0.016977571061943017,-1.32841452307687,,-0.8733896172934926
552,-0.7410716547022521,,0.6479837450886616,
553,-0.5207967971701981,-1.309057052153591,,0.1887130685224193
554,-0.2642441161251785,,2.228794456502616,
555,-0.012752332890537926,-0.07280782594385116,,-0.5548805899035321
556,-0.03606683718059206,,2.345758761221169,
557,-0.019093163108798612,-0.07365964809950847,,-0.2264379370685542
558,-0.29210169987442536,,2.3426873292351718,
559,1.4332551292865545,-0.17762570237714886,,-0.3299231597245932
560,0.7447872186798468,,2.3976947710026,
561,0.45305208178912415,-0.35919235504855684,,-0.2450851251447794
562,0.260528754988283,,2.2131238108407167,
563,0.21471374656458342,0.07811217536111886,,-0.2924262341533248
564,0.1324534395769566,,2.1258177298955596,
565,0.06407204187974204,-0.013332131243442211,,-0.41060798608876353
566,0.074000676155527,,2.0673583039698356,
567,0.03795005624047094,-0.08446913142967621,,-0.3849586612692341
568,0.23740528770794297,,2.022108207436544,
569,0.08179507497298664,-0.13961616082133047,,-0.37976953865437
570,0.026035568654986525,,1.722799286428583,
571,0.04223518031832155,-0.09863580087240831,,-0.2720866446042619
572,0.23117231537382132,,1.760443511767342,
573,0.11870404261755041,-0.35997427601970766,,-0.4688636150943107
574,0.024621215630894658,,1.6779578335808563,
575,0.012441774300967842,-0.25796708471477375,,-0.3383869290414491
576,-0.005995048287640123,,1.641888653762005,
577,0.6794103480389508,-0.18056298732972986,,-0.4520314136064357
578,0.42055636406770064,,1.6465817078934637,
579,0.4175550555985792,-0.3474862900374812,,-0.39445569119283524
580,0.21659863341786484,,1.5267610724659653,
581,0.09382728580493996,-0.3193658875069473,,-0.05038552121056761
582,0.2095602906217806,,1.4528433946829211,
583,0.5597752672733278,-0.22730487612118733,,-0.45331330128755465
584,0.306406398217809,,2.0694056338367806,
585,0.15692893143190093,-0.26473095262624297,,-0.22258380300607572
586,0.20668561778747951,,1.9834346904519993,
587,0.10074572886086214,-0.6688251440337569,,-0.38188906189910804
588,0.09628744875948156,,1.8633415633120605,
589,0.013283758755794343,-1.0993450812775256,,-0.27866670029766083
590,-0.08456715406191251,,1.779953432793988,
591,-0.025137321347370605,-0.8045099751737723,,-0.2602819475812364
592,-0.009015377909724835,,1.7791102356715771,
593,0.6859570290343165,-0.5591715653341554,,-0.06831391199614556
594,0.34912484689539824,,2.270849758921241,
595,0.1788105029306634,-0.5638191270690712,,-0.299390244490368
596,-0.05655042079061498,,2.231221760677054,
597,-0.6821286064232641,-0.42154883583680025,,-0.21933851748742905
598,-0.9141120625840561,,2.0530138409100047,
599,-0.45824315954080985,-0.6284868023439734,,-0.3397647720492621
600,-0.39759897197161215,,2.1923482307040656,
601,-0.060573542288875265,-0.6404825791511515,,-1.4215641920913942
602,0.2566786242592702,,2.2462441338949812,
603,0.12913681837825208,-0.5792917571043514,,0.16363773628420653
604,0.5222678777989733,,2.1611314465596783,
605,0.2686596565674513,-0.5934760446181295,,-0.8058353942876694
606,0.279963400492164,,2.0123317508156067,
607,0.14223737993195837,-1.8796109455565606,,-0.12228062055003233
608,0.16109342616131506,,1.7077452494985503,
609,-0.0014345555213416544,-1.3570157963297045,,-0.29276296295633736
610,0.023408757277200626,,1.6163503153096892,
611,0.0023051424898887785,-0.8472873837166041,,-0.22422148741407844
612,0.000958060824127452,,1.3595802698201345,
613,0.02570057288807842,-0.5901802641898507,,-0.8778801822787298
614,0.013678098303535686,,1.337772451343516,
615,0.006964289416568972,-0.41787948644261214,,-0.11614648614506257
616,0.042114591998932104,,0.9275914473657195,
617,0.073387651655452,-0.7569044170865253,,-0.323370919049193
618,-0.22809170063523257,,0.9396173068079735,
619,-0.09935790808091627,-0.6454977931120771,,-0.1746006922553606
620,-0.020676240143601726,,0.8837030492784704,
621,-0.053067949971715496,-0.45520193438853057,,-0.22973646688796784
622,-0.021437152199489627,,1.6137177850020212,
623,-0.24319611702021143,-0.32739238450730546,,-0.3982006541141205
624,0.17362181412188132,,1.6037486745036726,
625,0.08758059984455574,-0.2541176527683239,,-0.37954099802134655
626,0.044807154114972866,,1.7378831464981186,
627,0.1946243900211904,-0.15739031014003269,,-0.6009193672597105
628,0.09938879090617078,,2.165653837634183,
629,0.07238347389879832,-0.21628407349269915,,-0.2504369347218038
630,-0.07783256258127726,,2.1173795424024413,
631,-0.05835845754746288,0.2763700431871512,,-0.3630609124249915
632,-0.2998778996404993,,2.1438625730583896,
633,-0.15448898506105638,0.12009930676106752,,-0.7708235827790368
634,0.03047886475150774,,2.254938891820763,
635,0.016728235194313,-0.20174627044461235,,0.2129044646115016
636,0.07771341934955767,,2.1426154057250626,
637,-0.06826812875658128,-0.2375814058328734,,-0.5039520505686691
638,-0.10386422389424506,,2.0906783075914284,
639,-0.06328526479179926,-0.2694591828951523,,-0.2939564920572508
640,-0.013641223893982684,,2.0811755582081926,
641,-0.0024584271257876234,-0.17364601293351026,,-0.34434665087864025
642,-0.0012594755178667934,,2.0511911410239256,
643,0.023492245564897683,0.21181456604138868,,-0.28112777874635103
644,0.011684857175623054,,1.9921836933722643,
645,0.005983567151592955,0.1038825939519121,,-1.292943303173952
646,0.2252249545247251,,1.476264915784407,
647,0.0952014374084187,-0.04554873195758929,,-0.11228032597332893
648,0.04936840948471419,,1.3814039169414731,
649,0.44412699645444154,-1.0890913343289677,,-0.710020169636179
650,0.22757172809556736,,1.3464748493486578,
651,0.151826478272755,-0.8517831065957976,,-0.03402760558720558
652,0.055430373546206564,,1.3101773674314938,
653,0.7773399752275909,-0.6210084423592396,,-0.4516757642553289
654,-0.7403768751860651,,1.2752915571035415,
655,-0.5251461413244527,-1.854858924739319,,-0.2270567745843971
656,-0.3859996136399819,,1.367270784817387,
657,0.2273029908755148,-2.051707251713706,,-0.31460517276504724
658,0.12079576176145163,,1.4432343110896877,
659,0.06006203806804351,-1.4891227821022643,,-0.23224078538999876
660,-0.1798188202045001,,-1.9039237517763943,
661,-0.08726875911370278,-1.1231016946863501,,0.9064564793155263
662,-0.04454763953549932,,-0.14350506169112287,
663,-0.056092549468036976,-0.80249791286642,,0.029368384042795445
664,-0.3605416630720171,,-0.15647636691100145,
665,-0.3187600634277995,-0.7682867833896154,,1.6579883587118542
666,-0.16228547277279198,,0.06460272891027419,
667,-0.0801084572983945,-0.6154333327963349,,-0.3502365380805082
668,-0.04098954440630154,,0.10079729764504806,
669,-0.021341686171792735,-0.34570259994915886,,0.21450121098348737
670,-0.5642675001709834,,0.10621941925629651,
671,-0.28898595758388684,-0.5151120680410037,,0.22056334386972817
672,-0.2580897156148302,,0.22994079559977657,
673,-0.13217698940196623,-0.4884219753566938,,0.3087669713272136
674,-0.05763856445746429,,0.4013002957564622,
675,-0.060381214224387164,-0.36946558512040845,,-0.2630899097859646
676,-0.13800716674787397,,0.3127374386595788,
677,0.027413246986673134,-0.2834392542007921,,-0.0014884041413882254
678,0.018393967390984752,,0.34853547259740403,
679,-0.016381207700657315,-0.2528932851709753,,-0.11009456882204927
680,-2.7092435422595624,,0.38655265669863426,
681,-1.3875891423212834,-1.6059555105484429,,-0.1574087567495796
682,-0.6857711233924497,,0.43670110378358173,
683,-0.21014784539957734,-1.4786203047304305,,0.3441452415468449
684,-0.13877736611787617,,0.705673806725037,
685,-0.09766537224624222,-1.117168825764879,,-0.3054840019111772
686,-0.05870903812217212,,1.3963014909389226,
687,0.028762919269255012,-0.7163017464228242,,-0.26291001130549874
688,-0.14737534084522222,,1.2490505477462515,
689,-0.07562417780124416,-0.5556158213231523,,-0.36543552915924954
690,-0.11806856994595705,,1.2649879350139026,
691,-0.05853375730985205,-0.34258626180068213,,-0.2932467576612406
692,-0.40575309423961003,,1.2541498527104844,
693,-0.2024896343223603,-0.4491932146660804,,-0.43771370857068415
694,-0.11595812299139678,,1.0975404487346985,
695,-0.060514107078414946,-2.461815236278568,,0.5304452846633265
696,-0.016460386867001,,0.922069684324148,
697,0.14121575848046036,-1.7187412094160526,,-0.45844110897252693
698,-0.4163667148377253,,0.8824121094784326,
699,-0.11217776734030326,-1.3090496550011326,,-0.026480801854261438
700,-0.040064738125987695,,4.946618636570463,
701,-0.023078922718024673,-1.1358486758621595,,0.9286973993960013
702,0.2649382425948598,,4.874492665055086,
703,0.13636324274164932,-0.9712267507156847,,0.5450592954120992
704,0.2862295886709638,,4.7337860426326035,
705,0.12576592045039664,-0.8390243420719382,,0.6351914032220078
706,-0.0006954720245290757,,4.477197998577766,
707,0.18331604650194638,-0.8707106532015186,,0.6250974772472399
708,1.1076488541595477,,4.352558087667916,
709,0.5927561054936072,-2.2901238908511274,,0.3522765491202524
710,0.37436720848720817,,4.091605976826139,
711,0.18109465547545053,-1.8882923910047473,,0.71997093418956
712,-0.13995841891401892,,3.917729690650596,
713,-0.07283552151347698,-1.539761935045092,,0.52284491993049
714,0.3004114923048321,,3.7447498479487242,
715,-0.49010197341834183,-1.236726056593791,,0.4359885700176422
716,-0.2631654445792581,,3.6123507900141694,
717,-0.836551793991039,-0.9975581280502189,,0.3970986014305369
718,-0.4283248830525254,,3.371877363922976,
719,-0.15255382676396634,-0.9397912856920919,,-1.4634999876850565
720,-0.27005800876926267,,3.5083399992870814,
721,-0.1451754828768582,-0.614985025436232,,0.8938696619471452
722,0.15866025744221884,,3.516432360939082,
723,0.08119085120607152,-0.508144549367637,,0.0812922365699495
724,-0.14873224442183047,,3.375476155638669,
725,-0.3042230122815989,-0.4177561666744494,,0.15285684447528175
726,-0.9735181493287333,,3.355533721797504,
727,-0.4523592141377552,-0.5907170110905439,,0.19325647294393095
728,-0.2732186031856539,,3.472220790989079,
729,-0.02394501463279626,-0.554616294981951,,0.2804928450881976
730,0.05291418475565378,,3.4701650743306303,
731,-0.0016527422247921697,-0.413190564426572,,0.25181890534966056
732,-0.015562409910721922,,3.3791218785253037,
733,0.039235844475210724,-0.29448745949715577,,0.17311763574605102
734,0.020428842735149035,,3.456326243191585,
735,0.01238413118508715,-0.21536693723467973,,0.20771241878596314
736,-0.4404975196930036,,3.2135689775697625,
737,-0.15326156548751435,-0.38336529268824104,,0.04737777171432643
738,-0.14556210503728162,,3.270003258101789,
739,-1.2434939593734942,-0.3431735613176941,,0.46006323336679544
740,-0.6603529432098361,,3.262392699041657,
741,-0.3306941284149111,-1.3990987856225765,,-0.12579692915450136
742,0.752933249368756,,3.5476275309817895,
743,0.38044311153508636,-1.931832264980498,,0.5348347419810419
744,-0.04029852023395933,,3.2812134305964906,
745,0.9368645588953771,-1.597874374052904,,-0.09345548332475556
746,0.48023982597526693,,3.2375666322817915,
747,0.24418011095202552,-1.4609356583520228,,0.7357734270766533
748,0.00048812606397155567,,3.079046809585757,
749,-0.10094815059141764,-1.0807701975450144,,0.05846842726152252
750,0.27160575178108526,,2.7878276174450813,
751,0.13712326956248486,-0.8920285598856157,,0.020222078997588766
752,0.05467412551998023,,2.6796308665906063,
753,0.014743828843772936,-0.6454480377030408,,-0.09985073007956283
754,0.39296453699105965,,2.6231605830731466,
755,0.18078559807793693,-0.783897135724817,,0.8370937688059931
756,0.11737809645088222,,2.6791736286176953,
757,0.06200197068747867,-0.599592661544607,,-0.31569500289226465
758,0.03312493660197007,,2.45783027463137,
759,-0.050545205834060615,-0.36976657891352677,,0.1270265063746166
760,0.0026736414080571133,,2.4085988556079494,
761,0.4176345609167613,-0.2551602829188484,,-0.3623879293482062
762,0.2138832197120506,,2.402260218434792,
763,0.0317390448913283,-0.3050201306651882,,-0.28131754725156266
764,-0.19909981581416555,,2.4874511468412956,
765,-0.10127807842561247,-0.3129423207783199,,-0.18648743361787204
766,-0.05388300693793749,,2.4850415351763644,
767,-0.027710646360659886,-0.36495174423200755,,-0.21330458035476707
768,-0.01419223282099813,,2.3814945810592736,
769,-0.3285734795730034,-0.261057942151729,,-0.29937090562267826
770,-0.12055674167472974,,2.3017191902494822,
771,-0.06045831324589677,-0.14533315031006944,,-0.27108447315089085
772,-0.03100612075131011,,0.40134882883626277,
773,-0.014633809648274432,-0.11733390394155564,,-0.1041635691435722
774,0.07194412817434118,,0.47070475777864734,
775,0.036862448245092716,-0.07343943306308195,,-0.08775198252895772
776,-0.04258359931757461,,0.44983175521734864,
777,0.13680955020404315,0.5603436722317491,,-0.19456878620101437
778,0.06193243787295423,,0.6691250831201827,
779,-0.006462405009422391,-0.009475434410585126,,-0.4759385087365046
780,-0.38441040361171436,,0.6435710410236979,
781,-0.19688115970824882,-0.22885311359534716,,-0.20110694396374496
782,-0.21582036169059626,,0.6933889377691352,
783,-0.12452602813985174,-0.27543385845899465,,-0.24185990517315223
784,-0.05470848082015088,,0.7408621180738796,
785,-0.028016037376212923,-0.21943083634928837,,0.2805872760390509
786,0.09061737386481741,,0.7452720865511141,
787,0.04925206174805664,-0.19383196725054985,,-0.7192997679555089
788,0.01863632960988712,,0.7618699229049611,
789,0.005960861611275211,-0.4221815293869002,,-0.13833119327830987
790,-0.010008304735372231,,0.18702534994147224,
791,0.02187922869420015,-0.2957427784979245,,0.05907201960663816
792,0.011206744707940666,,0.18635452408487826,
793,-0.0011989288335149213,0.318736436329363,,0.05592961211093268
794,0.059704596203359134,,0.18460475042250976,
795,0.03066781764696701,0.18991302712702324,,-0.2851855878448831
796,0.00561772715211206,,0.21637503364961136,
797,-0.34306035330912454,0.11925382042877292,,0.08321949499811904
798,-0.16733079105316273,,0.2104429666345329,
799,-0.08434061942848824,-0.00835936560333571,,-0.1979534064530905
800,-0.04318271240655172,,0.245899480920027,
801,-0.030295019274105654,-0.06369899055686074,,-0.12034850953540228
802,-0.07341812195452989,,0.2883399579927825,
803,-0.03876717157038208,0.0159753194867103,,-0.10215630691318525
804,-0.018615681145706307,,0.2952352404006351,
805,-0.009743266691583588,-0.018720885289772386,,-0.30588196309895244
806,-0.005293198319732276,,0.26990516131458886,
807,-0.012972850220867421,-0.019121977413842025,,-0.12875795876153429
808,-0.002751682419715595,,0.2670079738805549,
809,-0.0001341545154901877,0.07660722112825571,,-0.17555632516867004
810,-0.04266442092147151,,-0.3203066922169073,
811,0.022092243556567925,0.030697198253285502,,-0.11025961226835096
812,0.06087321418445242,,-0.30088038181535637,
813,0.08503203311336646,-0.017643204353356288,,0.2028795159799181
814,0.04332736314453027,,-0.3179366456508031,
815,0.02145875876648542,0.282580356481467,,0.12427441051104293
816,-0.14476473160982373,,-0.0555863799551507,
817,-0.03116448790903073,0.12287273930291272,,-0.08501190776900709
818,-0.990227053500141,,-0.01846772830335197,
819,-0.5131345203877666,-0.6409101331837601,,-0.04583358466085689
820,-0.26673394922460875,,0.16690435109418492,
821,-0.07384126319375782,-0.6035603972092676,,-0.13050766968387903
822,-0.03781884430188763,,0.20984855956056175,
823,-0.10908444898975425,-0.42067894307976333,,0.11320390323597926
824,-0.3463100337139655,,0.21550984815329172,
825,-0.21613093463418226,-0.4648244549835418,,-0.04493283211881424
826,-0.11057333916474393,,0.30393439156696966,
827,-0.05661501504820178,0.17599176773836855,,-0.2311304247763771
828,-0.029768025770210354,,0.3250724424368122,
829,-0.04729369090654484,0.10662174296000594,,0.061855853807057465
830,-0.025149960564055295,,0.3041948745455788,
831,0.08644947582231433,0.06070492879764742,,0.2621978201236953
832,-0.08897927296490493,,-0.02542562320366204,
833,-0.045568181469832145,-0.0477526744746804,,-0.07403986275927771
834,0.4006889257655382,,0.05649347898590128,
835,0.22225187830683107,-0.2438305362770292,,0.0029936647565953225
836,0.10435156758543584,,-0.6751172997674477,
837,0.082321927520297,-0.22467712318835276,,0.43381672552128825
838,-0.0003676730239677087,,-0.6901675625713711,
839,-0.00018827391845616033,-0.21161391707426525,,0.3022188583135948
840,0.375207018751235,,-0.6753075336890432,
841,0.8717365455063717,-0.3914639789972689,,0.31074845582020194
842,-0.052347773532131936,,-0.7493085010761243,
843,0.007499252971042765,-0.22707308264043966,,0.4055506685829335
844,0.7437467393173451,,-0.7488055200053575,
845,0.3647022914039962,-0.6139127883589057,,0.7618305335609401
846,0.18852463101968794,,-0.888384830922299,
847,0.43896654194393625,-0.8385927606305994,,0.18497998836657842
848,0.2128754925661743,,-0.7082227611910975,
849,0.11826320398851108,-0.7561661295200255,,0.29597157147562636
850,0.06054941339970179,,-0.7534375635280317,
851,-0.682729293672545,-0.467398767419014,,0.5041759170800156
852,-0.3455229018910866,,-0.7546234247055722,
853,-0.1775885951176737,-0.5379999391380828,,0.3689322602641451
854,-0.011002707213716711,,-0.6350885876518502,
855,0.9117435898365842,-0.32512275769578225,,0.3878588546028642
856,0.49894846040910057,,-0.8419062636270266,
857,0.2505843305728025,-0.4904092463152086,,0.4474385999212049
858,0.13746197375669442,,-0.8749459223358889,
859,0.07122465839024572,-0.38137222696046696,,0.42977472622905993
860,0.1435324467309046,,0.08138428700998424,
861,-0.22433277867705576,-0.3613446089715172,,0.5330571105556952
862,-0.27355303446587964,,0.04701740173970539,
863,-0.9955571803982706,0.055567146667459544,,0.005169074136874896
864,-0.4875144489085332,,0.1094705204747282,
865,-0.24968808672253293,-0.6559468176651457,,-0.05804740759346072
866,-0.1541126206423579,,0.22513046197724126,
867,-0.11707771881844195,-0.5444092321940828,,0.06179687866465682
868,-0.07869670631927175,,0.25338063531873967,
869,-0.1201759003577702,-0.9444114575371654,,-0.01965967862338712
870,-0.06486982831467207,,0.3100278432132355,
871,-0.04529518224587384,0.48438873471099664,,0.06544344896127077
872,0.24534840821405368,,0.3237795331512034,
873,0.12903810271351843,-0.5112159643242584,,-0.3302574972720738
874,0.011249378683746189,,0.2387309404247031,
875,-0.014144493024386105,-0.35658161802769467,,0.16899893582663839
876,0.16509829492723052,,0.21203518249228634,
877,0.09381817826013031,-0.30827713544683266,,-0.6400657961094736
878,0.05062231057501763,,0.002992426701959955,
879,0.06335239685426099,-1.0866748636110588,,0.31003302829402146
880,0.4314740933394087,,-0.008993052924491178,
881,0.0405951207178778,-0.9365013670255335,,0.07911181515743881
882,-0.020670413270568243,,-0.033290575787921634,
883,-0.5379520700192123,-0.660656717939076,,0.20933881587371803
884,-0.2633997488548895,,0.01560888988567373,
885,-0.1403400676349106,-0.6011179562185086,,-0.37777693875686147
886,-0.10220341651237215,,0.08082385347420268,
887,-0.09662985724809078,-0.46956616512518057,,0.22257138793275866
888,-0.016445314011834813,,-0.06497443263455391,
889,-0.008709513780310072,-0.09946764709584224,,0.46988912160491714
890,-0.019392457316247447,,-0.06954739453346032,
891,0.18790393323747023,-0.07189154348316697,,-0.08562196673062022
892,-0.01823082504290581,,-0.06398662019255576,
893,-0.21146772822720591,-0.05667892871630765,,0.06713241287244856
894,1.6384570664480615,,-0.05851726943970013,
895,0.8341861810431525,-0.8946134368851625,,0.03746058621052513
896,0.41118819338043583,,-0.2814900343396873,
897,0.1721050844083744,-1.3328689135024836,,0.33794509063202566
898,0.08788950165277833,,-0.39601284899500483,
899,0.09297164336009608,-0.9800383287987988,,0.3960157171533062
900,0.09039132962558971,,-0.4103771080026691,
901,0.06239924172816631,-0.7731692060929537,,0.32753031962446
902,0.02979616074974481,,1.40932615058385,
903,-0.31558352340404555,-0.5528558642274075,,-0.5134284057642301
904,-0.1593650936589107,,1.3612208934625538,
905,0.2687266886314327,-0.4682306984793569,,-0.26680267645338357
906,0.2598888595151473,,1.3774289404127105,
907,0.13262939110425592,-0.4624285636621692,,-0.3689635521573685
908,0.11961677827844697,,1.2947784685791885,
909,0.05553485136213011,-0.3675297777215899,,-0.6156020500942941
910,0.02842618506297616,,1.1925965661221198,
911,-0.17351597353144207,-0.2998434013294915,,-0.08228824352133865
912,-0.09200699727610474,,1.5447722194684241,
913,-0.046844942832712275,-0.1699508703494757,,-0.47812715818366813
914,-0.024475339449962028,,1.0709860119873504,
915,0.03311135079511427,-0.1323241715507915,,0.034799102436343876
916,0.6853289869764616,,1.0194304883022969,
917,0.5818547994074454,-0.4799497718199741,,-1.023761457918426
918,0.29516919710062867,,0.8515939994586335,
919,0.11208393129945182,-0.5120453825390333,,-0.08499404066833055
920,0.02960437336988041,,0.7282380687029018,
921,-0.07832416779105769,-0.39515762470064997,,-0.22592473208898955
922,-0.04011089204948096,,0.6530027103671583,
923,-0.013075201279521892,-0.2680699639893509,,-0.1685394300439185
924,-0.006083403089932266,,0.6280705314861905,
925,-0.002389506885440571,-0.19081392012596518,,0.04491662459242263
926,-0.0008278872648565595,,-0.24909694389888892,
927,-0.0006542938491306916,-0.22231833999536887,,0.16928742495739843
928,-0.041245822173020995,,-0.28988178989019064,
929,0.4918546438857875,-0.16321676040396796,,0.1823665705521809
930,0.3668583054627899,,-0.03824792149816608,
931,0.1129670233145193,-0.5080201110025553,,-0.17044860455042257
932,-0.01632347934744266,,-0.10932830714823,
933,-0.028511167232641757,-0.39910103971468736,,0.5208289955375863
934,-0.014598793274497758,,-0.14055027612079768,
935,0.19210662770202871,-0.2768548288792423,,0.01605645039928152
936,0.20291059209389045,,-0.13616985190770864,
937,0.225656759452666,-0.3082415337187561,,0.32452634637914113
938,0.24430578407738368,,-1.5865912985676105,
939,0.260562254578512,-0.26566125752162595,,0.4837765013712038
940,0.17343162793905065,,-1.298491186611378,
941,0.098214297024798,-0.07532826330718093,,0.7931450645688165
942,0.05013309090553859,,-1.1787834444415615,
943,-0.5045560376349123,-0.08206977863665155,,-0.06227170918086017
944,-0.2586312700056693,,-1.2907512928514517,
945,0.4526628131108754,-0.19934438866564796,,0.6952301194553945
946,0.21609418801818234,,-1.2157038050276838,
947,0.08618028122716419,-0.2517399925119362,,0.4008588204172045
948,0.14945462219876704,,-1.149996162274908,
949,0.07659770147832555,-0.2536879121172853,,0.482135675332684
950,0.02816772891114456,,-1.2005591821548494,
951,0.3923645592142319,-0.2195595545558716,,4.973711400825974
952,0.22527031423179475,,-1.1883905009301887,
953,0.15885460890414688,-0.1889451053708594,,-0.7189747482418474
954,0.0633640471839203,,-0.8465528495085006,
955,0.04473296984171059,0.002755802472290153,,1.1160555764446487
956,0.028247292981611265,,-1.0355747760510883,
957,0.061391123179201035,-0.013146938091770602,,0.1583200832173397
958,0.18320062402861187,,0.2806384808884643,
959,0.23661958273316297,-0.17110027697517455,,-0.24896061615559495
960,0.1216836238475926,,0.1475569631131514,
961,0.09510142482617223,-0.1346163859294035,,-0.04672813752511662
962,-0.10143552507529402,,0.1164415384658855,
963,-0.025290868179529687,-0.4137264257354545,,0.6031985108707237
964,0.019092505052683853,,0.1358736558752502,
965,0.003898723672590156,-0.199954945390925,,-0.05575709467478701
966,-0.04432639317250421,,0.06716363148865288,
967,-0.02272267287666832,-0.1621807034021908,,-0.23770381397374807
968,-0.19031488158129034,,-0.1374352228550698,
969,-0.09351142898326825,-0.6190405435957456,,0.13471376306238428
970,-0.045333753688475226,,0.022044602754844683,
971,-0.10856858779214684,-0.6179235311403173,,0.10950699561746924
972,-0.05559417029685175,,-0.034507699558730176,
973,0.09324701332724197,-0.5509174559863674,,0.15049324782235216
974,0.16774137768210826,,-0.01903531936359179,
975,0.18910686299694904,-0.4717404488212372,,0.11070581893200586
976,0.0965138111073663,,-0.04147765515502576,
977,0.04556488978160181,-0.3459472488832076,,0.3160198155039726
978,0.01736534021403039,,-0.06436223834883087,
979,0.029712919111208557,-0.15380944869598684,,0.17820606800344813
980,1.316101499516943,,-0.08631477579945458,
981,0.9514129470988478,-1.2014673811807408,,0.04523227027895471
982,0.8860500049104748,,-0.4541433826367076,
983,0.6997882851190703,-1.5312592781646766,,0.6115925382556149
984,-0.06107543599693799,,-0.4189306050402326,
985,-0.03208930795596534,-1.0958756658877726,,0.5260037569048284
986,-0.024533277493385013,,-0.4937639969913103,
987,0.18254955599225026,-0.5020037805513664,,0.3650060566728168
988,0.5747944521807785,,-0.4794630709363909,
989,0.2651244651757051,-0.6477553254895011,,0.4186400440686934
990,0.13579301197797902,,-0.5943718511081856,
991,0.08684561123273891,-0.5226256476947299,,0.3102813789169898
992,0.03282512793179608,,-0.8169125044025184,
993,-0.008017239598877818,-0.3672222115446197,,0.4673029257677201
994,-0.035195449452138185,,-0.7893531078682485,
995,0.05126324277400231,-0.2595404084140457,,0.9037830079859797
996,-0.04888306552759018,,-0.7681754497601424,
997,0.12130009375113154,-0.10710072494880765,,1.6235163656667713
