time_index,V1,V2,V3
0,1.4372613307047712,0.01951020086277808,0.19507561861805192
1,0.8787434682070571,0.3071304552744768,-0.2918313540027819
2,0.538376100653773,0.031286754482175966,-0.140788045535084
3,0.7260562396631032,-0.8299854458129288,-0.17737230115033528
4,0.36955447815511133,0.6077455937190922,-0.18446146256224766
5,0.20564873063289016,-0.43267874323967365,-0.09654136687358937
6,0.12662340167969208,0.38227259560524773,0.30628350464397097
7,0.07396940310091207,-1.159644630299872,-0.29906057704383526
8,-0.12438567995247313,0.40008812635383817,-0.1310667079907594
9,-0.0770481725356462,-0.29615278404270085,0.32817375558205875
10,-0.05181345390325656,0.2143662304947388,-0.5321938676721174
11,-0.009759461588182888,-0.29817238059134676,-0.1899155744694717
12,-0.4673774377979014,0.3502230062145594,-0.3554030409687611
13,-0.32060247212274645,-0.1533158303637585,-0.1666945784211315
14,-0.04373408486678995,0.13577503657164067,-0.3732547412947904
15,0.6139316531911038,-0.04542811951752027,-0.2023175123214778
16,0.030940361639367142,-0.12388226806027222,-0.2514666339617179
17,0.04576605098093435,0.08915222733822827,-0.20139001274965443
18,-0.06626201522857506,-1.3192467056738606,-0.2489169758207763
19,-0.10349647257324487,1.0372387317537064,-1.2362998068808457
20,-0.12967117125534944,-0.6151065413803605,-0.5804674331164134
21,-0.08696797753970842,0.4498911413365495,-0.0025866650661523494
22,0.045666470483689034,-0.42986815050428545,-0.06945492582014062
23,0.06412996161579637,0.3109642438758974,-0.25123922679983046
24,0.03930131484624049,-0.1465832035470902,-0.22456964062774795
25,0.019277168697056,-0.08425108079577608,-0.3920250612575741
26,0.011807577330676965,0.06172520466981996,-0.3275214841509308
27,0.007113462449247914,-0.01276467321550099,-0.706176565798508
28,0.054234894728819226,-0.037254402959699534,-0.17600066294979141
29,0.008027438224429972,0.008218688107327638,0.23327887928221322
30,0.004916910373985728,0.14818479443914262,-0.5088260964354412
31,0.0029084489991109772,-0.06751656270041648,-0.13772351949274286
32,0.0017671592172351961,0.3171329280932205,-0.23711462629791316
33,0.0026302902049044445,-0.22771708530681484,-0.21112803002839703
34,0.0023833430903198987,0.07654950169603424,-0.7630018576697739
35,0.23930591996726674,-0.0553898720876051,-0.34697394724653313
36,0.1465131305695667,0.016770301269555973,-0.11823568202303825
37,0.4705030289613821,-0.013710713502504253,-0.8945357785554421
38,0.28532948653841184,0.02096797987779612,-0.1427175326916726
39,0.16386573306232638,0.3163434000229278,-0.23724675549472896
40,0.10047261015541227,-0.22837247731077834,-0.22215514776520748
41,0.06603156426396932,0.8047512358222881,-0.18220074608553344
42,0.04240522343565065,-0.7889713299328315,-0.22419462212972627
43,0.24162444924567136,0.5702906759325042,-0.109673738533831
44,0.2958972232226853,-0.4125296777862401,-0.17797006370915489
45,0.19332942513437248,-0.5759771368302389,-0.7795626554887009
46,0.11461265557333378,0.02983760752278486,-0.1338233350371124
47,0.07010022805296312,-0.024315821416147788,-0.25565176877199597
48,0.3252911774432952,0.017861283985430843,-0.22991057811352222
49,0.20032915646980703,-0.003426361426228545,-0.29235631951003493
50,-0.10250255868465993,0.002608639505347214,-0.21845983696409912
51,-0.09557329585165092,-0.003784248207189483,-0.013641394342889412
52,-0.07780148043819825,-0.22456279009219723,-0.2632678189623372
53,0.10530927114640684,0.16249235965124792,-0.41222593780938965
54,0.06438054245543033,0.30255101285449504,-0.20739610602013456
55,1.1939153256775432,-0.208427712680646,-0.20899109711965014
56,0.7596023006283267,0.123620688843674,-0.6657706321196082
57,0.46546295192129516,-0.08893650707440319,-0.0968196986203787
58,0.2768321817462696,0.07386211607467769,-0.22578344676108558
59,0.26144797047246926,0.15268325749180914,-0.1800735414073062
60,0.15874633347237632,-0.12299705873953701,-0.23881942964675695
61,0.04126189243179576,0.10398303720845671,-0.22841355761697363
62,0.04361145983870205,-0.05462332979808088,-0.22359599577681674
63,0.026712923502815653,0.037789495627556985,-0.210747790031504
64,0.1844792754029598,-0.02735441509848336,-0.24259033245619838
65,0.11295664521040415,0.014584687481651475,0.6419915347555972
66,-2.2694122414355387,-0.010438452264640307,-0.33600110239951225
67,-1.3408658840135523,0.010272683931926804,-0.14208856145075713
68,-1.4833764651921557,-0.16112864556399156,-0.0022470339171912785
69,-0.5442496444380915,0.11645705426187818,-0.15237214551873918
70,0.2708523837858196,0.28201631748941586,-0.2580548202183417
71,0.15811424665116078,-0.204005698992049,-1.2684129976611433
72,-0.06114786914365729,-0.431970844748944,0.10223065761194434
73,-0.31013716642656103,0.6319752792041277,-0.2674018053946502
74,-0.12350904278531215,-0.4577986509652414,-0.3230489217094074
75,-0.07647695000426503,0.33210755774454936,-0.20491331611049962
76,-0.06826671010719867,-0.22197607363690738,-0.18211291709861263
77,-0.04325678890897562,0.15636513762927437,-0.23751495962520386
78,0.8844924107793194,-0.20138230387862482,-0.08363462756712545
79,0.5459410099283958,0.11494563428972113,-0.614499610072996
80,0.37586811308810286,-0.08023348676278466,-0.12629701050239606
81,0.27711823194932017,0.0580442365373469,-0.22808237197787895
82,0.27536811044061266,-0.04331055598976602,0.051566374099896284
83,0.2882250905493177,1.0277939776843468,-0.25348533261408346
84,0.1406807851290413,-0.7409818874263125,-0.13691697162872465
85,0.08517278409461033,0.6352108188435607,0.01285186558149487
86,0.008140212747660643,0.5182101749640369,-0.2166168101922901
87,-0.03098129303915845,-0.37421186674483464,-0.58091828791008
88,0.12976647757052698,0.26677716886898634,0.11277801843774499
89,0.06685191161572844,-0.19375004020768283,-0.2490521586053029
90,0.040898275964820915,0.14072023004343617,-0.22855445113665324
91,-0.008205394880917295,0.5096831217785149,-0.2245344499122783
92,-0.025921240219652444,-0.23117925178004695,0.2500308328489175
93,0.033097551751900316,0.16695008333928682,-0.24043035943003593
94,0.01143509725934038,-0.1329848586294079,-0.23136881708322304
95,-0.004202215822647818,0.14862990589534503,-0.210873312059546
96,0.009449099072736507,0.5294727821894887,-0.2831019085821718
97,0.0183243093253299,-0.39618422136526305,-0.1987420760514542
98,0.06098281121736717,0.730893512744955,-0.22967687715083768
99,0.03785090370207638,-0.5227609897409861,-0.19777717971979974
100,-0.5161974844946255,0.3782355969224036,-0.8260514757628502
101,-0.29113918725314547,-0.27407556800939575,-0.47015861692449623
102,-0.16595229367957437,0.17831637538063072,1.8859958151734408
103,0.003892140500339744,-0.1343879428108864,-0.5176018148199707
104,-0.058266250092411154,0.3180456608546564,-0.1921051708447077
105,1.5661509241868072,-0.45203356022977903,-0.21693225768431745
106,0.7721206716024493,0.3227648135016848,-0.2255637642250679
107,0.5113528935795546,-0.233481674746724,-0.07557230477254746
108,0.3132215212137643,0.05284772164489453,-0.7573436383403035
109,0.18029361466122426,-0.04476141111532041,-0.1429196867567436
110,0.16479301304061186,-0.19882943765712816,-0.23898919951053058
111,0.09870934445682351,0.17613240822439236,-0.8235673454272512
112,-1.2136508503602916,-0.0927520861127246,-0.4818186888681757
113,-0.9024267722403787,-0.14927078376572622,-0.1274261483286063
114,-0.543165123986119,0.41281100480380595,-0.21112609645990976
115,0.7881855410990564,-0.3804348695464108,-0.21369821819030066
116,0.1577688842501902,-0.3337283543533953,-0.19959747894862626
117,0.09663547533440367,-0.25031050480282846,-0.1929599773828936
118,0.36451618904315713,0.19295513065546097,-1.292950821055233
119,0.2456225119412233,-1.3291802932447534,-0.09229633448503628
120,0.14514803955559483,0.9614899926786352,-0.15835210349604784
121,-0.19858908389082786,-0.6937612097364774,-0.19493321043000417
122,-0.6867092260220327,0.6005059888017859,-0.04520569702321586
123,-0.46245545836908336,-0.4373177455053856,-0.23009215056905258
124,-0.28826161564308217,0.476315736070629,-0.23808927216098474
125,-1.3142885269155284,-0.3501931693181429,1.5480420849191179
126,-1.2908593557701362,0.3318847384957504,-0.46485696684886746
127,-0.787872265021177,-0.3249498148246872,-0.44290050218478016
128,-0.4894257567198038,0.23818653662959016,-0.10701223788709349
129,-0.34278901809425866,-0.17483644635583404,-0.4098389325130341
130,-0.21673149650615067,0.1272156672636708,-0.26263842020137695
131,-0.1864139114775456,0.9742493259766036,-0.22036613498425464
132,-0.03438854853106213,-0.7047658350197898,-0.29505917446157726
133,0.4199938026677613,0.5098543187224661,-0.07250898639174615
134,1.148882989485405,-0.368485850519766,-0.23990095952474477
135,0.7394697231224939,0.27082801152100006,-0.223218704049762
136,0.4946458400616506,-1.1997317254450488,-0.15017164999002974
137,0.6161757760616638,0.9106923656836986,-0.13211417063226147
138,0.9028122506879064,-0.8889948152103807,-0.18484398961739026
139,0.8675408250495025,-0.12412004225946216,-0.22107534318460395
140,0.7095435480872414,0.08996642082240212,-0.1400556251131438
141,0.40904398367828687,-0.24134535379570896,-0.7566950001473821
142,-0.1588225202708648,0.17609406767765073,-0.12226166061778129
143,-0.02979345167336553,0.008856773033030785,-0.23152907483868723
144,-0.018331580136540643,-0.006403051153864309,-0.2302598578265493
145,-0.011245639598465404,-0.09033761166086085,-0.14708601796992263
146,-0.07724747251849753,0.06549722787338888,-0.3043899583802586
147,-0.2674980500675557,0.7970786949123337,-0.1916232888871216
148,0.11182911652173849,-0.5765538161619681,-0.9781058047959322
149,0.07855813543518873,0.9697153504554481,-0.2043331669307985
150,-0.07268794926139252,-0.38642364037395066,-0.41730203492439744
151,-0.038571417037280904,0.12062794175880936,-0.17214189971472743
152,-0.020771564314456873,-0.013184724447736662,-1.5074448342263662
153,0.0014884499415162983,-0.2105277054421421,0.0020233516539119034
154,1.1147551888783525,0.17096458422313704,-0.26362347936919905
155,0.6828011820799321,-0.1048732948740114,-0.2537392374807868
156,0.20869659047958383,0.07538294941701705,-0.4375788621997713
157,0.12783487530250762,-0.4311050290469874,-0.1767604320173775
158,0.051297622342226484,0.30749405124208523,0.9419332243649536
159,0.04792848247810978,-0.22567554651302407,-1.6103331576062079
160,0.030290256406910646,0.17446291404790426,-0.07006326809167292
161,0.022713485938646694,-0.126225582653186,-0.24766711044314776
162,-0.004320988778080159,0.10514080227844898,-0.22862404527672625
163,0.0044326172671658596,-0.07897244523345924,-0.23250768126113933
164,-0.010570041202987313,-0.3516192833449612,-0.25105624570047663
165,0.007365329443626631,0.25435627913752606,-0.22474701930060692
166,0.0017841524495144558,0.0882014132875178,-0.41317849860803424
167,-0.13880113919753942,-0.125739178870375,-0.13947862914321582
168,-0.07262831665784669,-0.01574608373046399,-0.29379954903580024
169,-0.07968962407932798,-0.6994057937716066,-0.2590574797190788
170,0.2522081020706939,1.1392120885281303,-0.1736540142893572
171,0.16317274728456135,-0.942016481046307,-0.17898977350734505
172,0.11017688021878184,0.8002874943200894,-0.12473266097839578
173,0.06758918804045592,-0.5785142719720056,-0.23867772387382857
174,0.04137854971872008,0.41828841934317984,-0.28035352368700345
175,-1.3341958481961709,-0.3025433934896354,-0.22771519944281324
176,-0.6346605479330962,0.8601674245728459,-0.24272518119747385
177,-0.44265754939628355,-0.12833307520658865,-0.09552480411920339
178,-0.18369072277870857,0.10652855215469999,-0.22145563412868532
179,-0.13854530476126492,-0.0846050883443884,-0.220207738457431
180,-0.08515440930163633,0.3740707533840006,-0.2335846791459284
181,-0.053285238344691635,-0.23676156697444758,-0.20951599876524965
182,-0.1446369013323688,0.17144776740180154,-0.2292104828304299
183,-0.0890986795047903,-0.10981854171045477,-0.18465798122748536
184,-0.0437657992258391,0.03753665641416919,-0.24108992934734094
185,-0.033912215719992325,0.01415456028301535,-0.24010919140604375
186,-0.2227604980009685,-0.011992405159915514,-0.2329793517924375
187,-0.15527885522581575,0.007591606588220516,0.30079493780136807
188,-0.09355170217794576,-0.1548226234092637,0.0077167417358428025
189,0.09367821242891214,0.11213413946188511,-0.26296390262312436
190,0.11579535746237517,-0.07305438251902517,-0.2907155971823619
191,0.0733004849242617,-0.257347787314836,-0.19670836053962365
192,-0.05378698094204214,0.1895984736713759,0.042293943804213974
193,0.04164160374919082,-0.12797181855026352,0.31612845873417184
194,0.025507566644487716,0.31742674700813694,-0.2804219302344142
195,0.014241707645159214,-0.08037756484006187,-0.38896419831551665
196,0.08410784416796088,0.03900987486101158,-0.33731555734713503
197,0.07510251780176203,0.15868529942780932,-0.2429834581406284
198,0.05847286705921784,-0.10055535149801703,-0.08555706307523864
199,-0.11688543724216022,0.07194373565487569,-0.26421788165586785
200,-0.0943499921342353,-0.09501446746687195,-0.2151263228578555
201,-0.552467230737095,0.14326065640198526,-0.5843101748573447
202,-0.33765991641944887,-0.045250953005574926,-0.13525163370674267
203,-0.20681984037981824,0.023847003590062383,-0.21494376383248862
204,-0.045578550680270113,-0.013509784007119762,-0.2710939053460457
205,-0.026964193398860595,0.003643454830759005,-0.22761321623949762
206,-0.0214973507154695,-0.04598896041286311,-0.24826214620515805
207,0.9282149894515376,-0.03973115377954034,-0.23113129975009897
208,0.4594094967529599,0.054228062995218256,-0.24341310904306793
209,0.042783421738219335,-0.03587388265153409,-0.23754071645083874
210,0.0034440361903531162,0.0316621481808481,-0.22079205105612126
211,0.016554573731706598,-0.021449292283653425,-0.2728307675212387
212,0.005877817021207986,0.015555741632922226,-0.22557164047057238
213,-0.004961105112406846,0.06916867259702723,-0.24338857731639194
214,-0.14401666337650504,-0.4689337606775285,-0.29478040210076417
215,0.23128751708828793,0.39318504681954464,-0.2737845193597089
216,0.1174434935018974,-0.4253478395754474,-0.23527746235892913
217,-0.05428097092071821,0.30699758809220024,-0.21962631691011628
218,-0.033431923878723076,-0.22189171619011702,-0.2303333245888544
219,-0.07317869753639299,0.16051786454518743,-0.3718494126048051
220,-0.04608084105398189,-0.1067443740219008,-0.22827706304661965
221,0.20978217538833951,0.01108836690060222,-0.23394220885408284
222,0.11959599703168368,0.45510653086075575,-0.20228704890509824
223,0.07324211650606925,-0.20172416710165286,-0.05830280685766956
224,0.039856197548591495,0.16026881939488954,-0.25446781714990124
225,0.023707645147658246,-0.07911531805839697,-0.0450577812334422
226,0.06959357005216645,0.05157349854567747,0.14098995407816434
227,0.057652972153101514,-0.5527755431293419,-0.27253706422614077
228,0.03132669051382504,0.04933577510089432,0.46348807270374615
229,-0.06148147561352075,-0.024980967195011135,-0.6764044066333815
230,-0.037900167158094494,-1.7130697844414107,-0.17167401245150943
231,0.034501940901823264,1.6059903907192372,-0.11082267465028763
232,0.021132467390093695,-1.153989715642091,-0.13883248578702728
233,0.01273593408642541,0.7537918357707571,-0.2533780552011976
234,-0.5831278886605694,-0.561132234198557,-0.2833498410046074
235,-0.2589735639819222,0.009889843339873694,-0.2084142536754687
236,-0.49017276856007347,-0.007315448224861991,-0.26814757871832273
237,-0.5109914261513524,0.010597751683501966,-0.22428465803080613
238,-0.31829374911950187,0.1622228139615681,-0.2968519334132674
239,-0.19495584802096858,-0.32171876833762897,0.9275321430455126
240,-0.11940441120411052,0.35057159798700777,-0.37922308606350263
241,-0.11768717709998877,-0.25254992890133116,-0.3134936422346911
242,-0.07515577831237776,0.1826285161691057,-0.7096657519448113
243,-0.06839781244288615,-0.13210973010929336,-1.8456894313288799
244,-0.6344278963271035,0.10032895692209354,-0.11878080492252607
245,-0.3902654791525422,0.5310131743814086,-0.2118773456922237
246,-0.27244039458485303,-0.0659597327240587,-0.22791381176619213
247,-0.1595076674525169,0.10206270312570766,-0.24684372656437917
248,-0.09800712131738255,-0.11347194661922329,-0.1499171851630441
249,0.029497823011843526,0.08095744151916971,-0.2485038647791245
250,0.05181551209781398,0.011372091452265684,-0.23074872456126871
251,0.10449345167005379,-0.0031722854339333254,-0.23748073777502024
252,0.24044856396465317,-0.045094058282857105,-0.21991304045469195
253,0.18059640797016008,0.6351807740833628,-0.23493054655973608
254,0.11015776766652215,0.8587957820430211,-0.26785966357197455
255,0.3152169136562867,-0.6062235500434467,-0.20952608315940757
256,0.1129955477022068,0.4344708095795187,-0.12088797223885245
257,0.06920711454032537,-0.31429349646592075,-0.20805923164517165
258,0.10591753932961454,0.12810468687078053,-0.21310542629564574
259,0.06249990171950007,-0.25028421313050064,0.19774919029731888
260,0.07482709963529395,0.18507764184781753,-0.3134089208825933
261,-0.006032970516107683,-0.13499564621558824,-0.16630287652867723
262,-0.019483890141963525,0.17676121917860033,-0.8631674593980236
263,0.004358812888157038,2.290124127971063,-0.14449639323345037
264,0.03874741632918327,-1.6451782279015181,-0.0688060815003654
265,0.19530706386976976,1.1901139804960248,-0.13124684111688664
266,0.11959429796441151,-0.8602184192148093,-0.19246573354290528
267,0.07590583259046753,0.6325778241982831,0.38066699785293767
268,0.07104762305102652,-0.12701632259536277,-0.2944715889318123
269,0.05373085468880473,0.09299476180693181,-0.1018811126093558
270,-0.18812074091186617,0.004308964050500505,-0.2653146513905451
271,-0.13375499850544403,-0.09631878285495017,-0.22829198322022984
272,0.21851023107781734,0.0008853448866667918,-0.23340182640638646
273,-0.0586702122553919,-0.00088873865757176,-0.275764904804101
274,-0.011064824375573417,0.0924626849424678,-0.22535073038693415
275,-0.014486074753027456,-0.12822628787642398,-0.21187990668594908
276,0.09209300943748999,0.33417025628604935,0.1450233504734326
277,0.009285085762369652,-0.3033310739708627,-0.27915048198386344
278,0.005698988417728521,0.22097812404559097,-0.4033694497336602
279,-0.8286116209520439,-0.15985156385468902,-0.03991267111222335
280,-0.5075452297956335,0.5559351096473849,-0.26569338031188755
281,-0.18680831889410277,-0.46764359544489825,-0.12834816422853002
282,-0.45250350713123577,0.2898583686083323,-0.3326985018979734
283,-0.11045116110885281,-0.21043577511642253,-0.2127421173735593
284,-0.10421814939458868,0.20362752540224005,-0.21136189361069974
285,-0.06384873344740825,-0.10322802397712386,-0.2336082768191821
286,-2.17506943646469,-0.07349709304440144,-0.13059564661572115
287,-1.2067730106397536,0.01724517679021629,-0.30317961811692523
288,-0.8063176043916065,-0.17940566047777387,0.23129022039005648
289,-0.5094639950098697,0.6888593482973161,-0.4106874635203368
290,-0.5208942378230582,-0.48584008860991584,0.3010588263700259
291,-0.4169025220957461,0.3883084516061567,-0.10577321157761704
292,-0.10586456716240253,-1.15271256271856,-0.1956824394124398
293,-0.07803660490748865,0.8366095357147459,-0.48100035459582485
294,0.023893295983875185,-0.6055939827868506,-0.1351543771326752
295,0.014087955851815145,0.5495502622896229,-0.2417930985851649
296,0.012774270089360152,-0.750747238968919,-0.22943525888654648
297,-0.0051548129874562885,0.8742258199965397,-0.20305056716275122
298,0.0046370181242168275,-0.5854933254892521,0.32586478372656746
299,1.737361128422939,0.4615721656206,-0.2932012201322286
300,1.0919922690287154,-0.4575935303030027,-0.6116194510461423
301,0.6818058287764183,1.2383933168965413,-0.12231673714783553
302,0.4068352859802791,-0.8890768498610688,-0.07910000078330588
303,0.3525015636141355,0.6532968906149783,-0.21368385119862884
304,0.46701533397327505,-0.47189048286646124,-0.20630868863873297
305,-0.20705987715120228,0.34117116594723756,0.3144190376045015
306,-0.38982453768723757,-0.2432285725523417,-0.28699883117598485
307,0.6896787844566371,0.17971095460618275,-0.22253246287128814
308,0.4301646621663524,0.06862031119350806,-0.46072903237157814
309,0.2636983973700068,-0.013441498542430125,-0.4563367975261565
310,0.17936127117465053,-0.006269282358292416,-0.3253498390840752
311,0.2417906894981888,0.009403050752006085,-0.2159250517756783
312,0.1994580401669287,0.14092899196726302,0.17846541566542612
313,0.12106103648200423,-0.11195821300636784,-0.33129152211902
314,0.9530147995565781,0.08104737699903299,-0.21682445980870071
315,0.583736989981812,0.15540773539005387,-0.221819294531624
316,0.29060798641463925,-0.08990692498969138,-0.46278594445114507
317,0.1607137753647196,0.061366761957139894,-0.1828033004132867
318,0.09820817599131758,-1.5038371174801168e-05,-0.3444011536975242
319,0.05470038185128931,0.1421556850715641,-0.2168225888309445
320,0.032842575479433395,-0.038773217980523134,-0.3015011144859829
321,0.023256086301651095,0.03244334732337488,-0.27588071704396233
322,-3.5271627525970897,0.8249362135242194,-1.1476090180778353
323,-2.2076606230569533,-0.7714166703405794,-0.0715724999759021
324,-1.2663965346943329,0.5704835527783533,0.06458772094101344
325,-0.7578426293152399,-0.36155344561906316,0.004155442610903018
326,-0.4957247359849023,0.22046480601205132,-0.15570250674571437
327,-0.32799523212518344,-0.18188267259476315,0.1654053822009714
328,-0.05255447881875855,0.11428305641678217,-0.6586786081217233
329,-0.03371076115821997,-0.08047474037044516,-0.19620671275433788
330,-0.03555338494402649,0.05821925413820647,-0.567453018148627
331,0.6172708902428253,-0.013667294351397585,-0.16938346343304317
332,0.37302823091362197,0.26145674952935705,0.02929963816190001
333,0.26052175566764185,-0.20019470102670264,-0.23767333473978342
334,0.15956421129370807,0.1459230976254673,-0.07223950924465306
335,0.0977487277209099,-0.09119797620826808,-0.14747659438630462
336,-0.025115853727947404,-0.5832168489026884,-0.4282623079701905
337,-0.07194220848038009,0.42169898173910947,-0.21644582382058458
338,0.1550557474805857,-0.7320273213780017,-0.23106733643350236
339,-0.05274803263339725,0.48938465061304137,-0.22805521267865642
340,-0.030175319103625482,-0.42690410888394925,-0.5833624452314464
341,-0.1888946095189461,0.44690728737082175,-0.42009507207609764
342,-0.11709092811381386,-0.3430816263526571,0.6923094443659961
343,-0.0717252152754687,0.22299541552559815,0.09404312571055873
344,-0.4767512521243148,-0.11910743424558878,-0.2752074703682486
345,-0.14585701500096823,0.08591307414621968,-0.22701550695459394
346,-0.08996066719121545,-0.3122241759022478,-2.005898508360113
347,0.12414286525851011,0.3567592103381175,-0.40613272673377204
348,-0.005511494241556517,-0.1644407203704879,-0.569390997969979
349,0.07244484856402564,0.11546410522500251,-0.20131023963400246
350,1.3162256172433384,-0.5306028387829245,-0.23745150546425234
351,0.807224450457074,0.34883957765982565,-0.05860677128550576
352,0.4673452682658129,-0.3344693231755479,-0.24884911957727165
353,0.2972264458886774,0.6260911174355155,-0.18465015468476567
354,0.1823352386506363,-0.49293206753638846,-0.6000503007227274
355,0.11075716492665544,0.3974184183927618,-0.1736876069859135
356,0.06766553487051591,-0.1094157121026808,-0.7539104027875501
357,0.022053283323516942,0.08137078275662481,-0.08516729470787161
358,0.021123351894778916,-0.05610563226076346,-0.2520066479091607
359,0.007127429035189866,0.23725281214149124,-0.23339013291695485
360,-0.05854756812670712,-0.12551534384422047,-0.2646768703851568
361,0.01833558952580832,-0.2810085217482061,-0.22873027780827032
362,0.010774931145841953,0.30563721908803226,-0.23049557933778653
363,1.857790342927787,-1.3172066643400768,-0.3706326888203377
364,1.1363736813779823,0.9180283295363919,-0.19348153581076166
365,0.6591347147519832,-0.6193668705723683,0.014935518361192657
366,0.38713861765277957,-0.2173383258128706,-0.19008893551160694
367,0.2422386600541332,0.25610976904803273,-0.7188243741114099
368,0.1144637379869324,0.7936202130670177,-0.14438278129777235
369,-0.13150313287550808,-0.5757074832728251,0.2478031207244139
370,0.35991138428955616,-0.2310044369898167,-0.27875311082531573
371,0.029722346907081754,0.5657076701942468,-0.35389903724079913
372,0.3650003529202737,-0.5135609248798569,-0.21206860056808213
373,0.2238492065382468,0.1385009070744437,-0.20457523631436625
374,0.01730103436059141,-0.2760677123127349,-0.20366655269158163
375,0.4733216096105954,0.17517596591906115,-0.22841156467113213
376,0.2890748840314119,-0.1718839073039907,-0.2326522753347345
377,0.07478159337219976,0.7233221741476799,-0.20116140613110306
378,0.045832905445713855,-0.635665586326714,-0.19715462827849395
379,0.24097277707286108,-0.11594626637490257,-0.3129107718299778
380,0.179565012161463,-0.4068283246018444,-1.3795623767992327
381,0.16639255640865275,0.2759145345755329,-0.06308469351616544
382,0.6418494768666099,0.17255043570123094,-0.24537648810834148
383,0.3941308612219042,-0.46922784831915343,0.003489188905952456
384,0.24671933460741557,0.33603266430941536,-0.2675082908005941
385,0.14996545871820213,-0.2210622567979017,-0.23079963543229165
386,-0.21597651453263628,0.15200626772305972,-0.4969235489445629
387,-0.13259100208026348,-0.11574157046741201,-0.31503684390904285
388,0.3415644795464768,0.07043351732526794,-0.14285061765494278
389,-0.3095045972478371,-0.04973936582276566,1.3524958940278116
390,0.0531658598522696,-0.028818421406438345,-0.44234711038797353
391,0.034353946272427896,0.25250407709251016,-0.1825110552099388
392,-0.0544438558610299,-0.8663594195297406,-0.11664365011976889
393,-0.03331966954926406,0.6839705653847477,-0.25069367850385227
394,0.5400776986295885,-0.40788172573094206,-0.20125583020522989
395,0.3119798443408291,0.2950255637569423,0.026850229357507333
396,0.24050776410980176,-0.22064766971273983,-0.5571237037898092
397,0.29218528284228396,0.30444660773301724,-0.02536355047558958
398,0.10677203425374902,-0.3405632571566183,0.1645667633627047
399,0.09072856996758119,0.24276549328800837,0.010341612346096318
400,0.07089906239559679,-0.26805021256035944,-0.13506752366292762
401,0.03276688972089635,0.19440751107452306,-0.26760784338390875
402,0.052210173137211956,-0.2424220538856354,-0.1596240723897175
403,0.027267380977392546,0.1350419136044662,-1.4575237828997283
404,-0.002551270164802017,-0.07827726974313107,-0.24536107850734679
405,-0.1898042359336558,0.05647455344988726,-0.22324937984476756
406,-0.11053009780534685,-0.0404750248333549,-0.23483512716000224
407,-0.07560730405410505,0.3802412386978937,-0.22977101382200044
408,-0.0637714586488554,-1.1471962677097918,-0.22515649625389705
409,-0.19075212309951378,0.8023156204013105,-0.16249920391798697
410,-0.37125601890700277,-0.5804095020079811,-0.37465439614231366
411,-0.27656180031270233,0.6558361037751441,0.08517254834468013
412,-0.130503244260698,-0.6268256098323759,-0.24324949300201876
413,-0.13384715744334635,0.45272052856923456,-0.21929048514206695
414,0.2196480872176371,-0.3174617675424908,-0.2224605198641919
415,0.14134265881571173,0.07780728714694024,-0.23367470773424598
416,0.08696955570448923,-0.07012008117854487,-0.22544120927158012
417,-0.12093350933032737,0.05069565071149582,-0.31843430690001406
418,0.6715151185912864,-0.05780307412693684,-0.2954051410997378
419,0.11232107752943121,0.055194137090837744,-0.9762999801939004
420,0.08403221095720202,0.016565891280104474,-0.31702765349253187
421,0.5378701154048956,-0.022088193080720353,-0.25499187028677034
422,0.32866660490788807,0.038499197779075296,-0.27228778904176126
423,0.16937872349680466,-0.02145869207848319,0.3950969218867366
424,0.10374648821386195,0.015510719972438684,-0.3097468330629794
425,0.14031901179933265,-0.05886709620652307,-0.22463820626100034
426,0.33677658587368764,0.4323662222119903,-0.1836373339400367
427,0.22836386212072204,-0.46096240081707207,-0.010609336764405508
428,0.017572819436637202,0.33434668732747463,-0.22842822063079385
429,-0.01988044347876554,-0.19083819004463484,-0.37815715365136693
430,-0.011335491733446947,-1.5492529850259293,-0.24908707665205296
431,-0.2147791111458944,1.0853930889754746,-0.06763461843780907
432,-0.132943284808485,-1.5030597937736891,-0.6504740128203819
433,1.0439485149538577,1.0858069910512724,-0.14541400267010762
434,0.5211870328174069,-0.7655227272581039,-0.5592204984500058
435,0.47555075389681456,0.5132831735569916,-0.1130926226972565
436,0.21006987436004154,-0.3713053034283348,-0.4148558281461847
437,0.12471559597111548,0.29895370098235824,-0.21244826635080716
438,0.07635580170101967,-0.2620855443001651,-0.22634724409916757
439,-0.29447272388843815,0.1860812838403007,-0.7522235812577948
440,-0.18048527423503546,-0.26175708496004635,1.3229694399026861
441,0.10754198465027622,0.19982040451762317,-0.42999742711246075
442,0.10276106117988341,-0.14749494726386733,-0.21179883992665138
443,0.09691618649313744,0.39312524910116275,-0.07772097509635745
444,0.007294262410962045,-0.11345340983750543,-0.23699789735129254
445,0.0041626630259740185,-0.16623278815404574,-0.2296788348742093
446,0.003377897400678716,0.12067312041613013,-0.23269614184455623
447,0.03333216239213222,-0.08661227316341132,-0.23321830611127883
448,0.2623825193333039,0.06291068939434186,-0.24042915246001573
449,0.060914129889257485,-0.04136598885061973,-0.2327682825835573
450,0.5282191758409419,0.02851011439552958,-0.21702073144094625
451,0.3211980076049381,0.06173451619298311,-0.23535842335239832
452,0.19514551616524503,-0.018822122788645267,-0.18545660472411352
453,-0.05694504417959417,0.019752607871145456,-0.23288745181024637
454,-0.03491090903531445,-0.03310475177660731,-0.19899159411133235
455,-0.022571627504493406,0.16873578516659699,-0.18897192438139016
456,-0.2019640600608331,-0.40239328490976295,-0.2430713147139886
457,-0.12618019155418958,0.39098108966626666,-0.27058382473437714
458,-0.07710865342955463,-0.26167051140045294,-0.03698217908040283
459,-0.05419494454593909,0.12772611415766488,-0.2576650869887465
460,0.014125058129654693,-0.08412881086683441,-0.22121449330029266
461,-0.0989378547227009,1.3409167788413592,-0.23520432028375537
462,0.009867886833295474,-0.9700077115465208,-0.27052922833273707
463,0.005400934672994002,0.6794251456974764,-0.3195210813180979
464,0.008467251637431023,-0.49086308389348493,-0.19625521683989025
465,-0.623045367189876,0.37527857692341726,-0.2572477077571792
466,-0.3814098423878103,0.27338120220406925,-0.2532621740646476
467,-0.23364333928955322,-0.19840460191825005,-0.20463969808282748
468,-0.06118443935909883,0.23516028098925984,0.25898481421000896
469,-0.2017392023223076,-0.16919982972420491,-0.2309810869203497
470,0.13022633881635995,0.3081418632998778,-0.1545860904709345
471,-0.04712843147392762,-0.21533068636743724,-0.23573963221350341
472,0.19940619257181671,0.05910743789296355,-0.849678163822234
473,0.14146914699511995,-0.0019474781706461178,-0.11007849675647519
474,0.043707264198202,0.14584436913251117,1.0395363196633987
475,1.048265943479284,-0.1061797645754127,-0.3827466887711808
476,0.4711630366198857,-0.8177212834611602,-0.001110655641105851
477,0.2880862706618917,0.515696397344149,-0.37968244848423804
478,0.17734527942077172,-0.3730465380999807,-0.17901626196431636
479,0.12283281098581607,0.3038325055653834,-0.2216327221760593
480,0.07639735185069473,-0.23279994221860517,-0.1313601429677939
481,0.0978277929842612,0.2704949916785854,-0.2440945446137364
482,0.06960688842081154,-0.20922278580135154,-0.21222226706291802
483,0.04263882757705661,-0.10065590387259496,-0.5674030672458897
484,-0.05420538193028206,0.08124606656028399,-0.2373268153364615
485,-0.03730934633861506,-0.0895898551254709,-0.23953205850216958
486,0.05065161490840041,0.29005388920565556,-0.22748858744923134
487,-0.12770304456739018,-0.08049174697194217,-0.21621611537680696
488,-0.07808342197537922,0.05179942517872689,-0.5015318289535833
489,-0.9073199114355684,-0.06148051149629899,-0.1903919624998744
490,-0.5894067859281291,0.045506533857437935,0.3845531691197301
491,-0.7886671230081899,0.11271982160195657,-0.2606419663040884
492,-0.29030656072948235,-0.08131215069288417,0.13865926961317818
493,-0.783410263619221,0.058611009193921496,-0.04391726598050252
494,-0.48122691090319625,0.08193724205665262,-0.0988789315932318
495,-0.2561058471715576,-0.029791073673685078,-0.2052775521339309
496,-0.13429514399861653,-0.008060860934161876,-0.3417309169408326
497,-0.0360358101717996,-0.02175241333321934,-0.22967293018676332
498,0.09782428255661127,-1.0234986874554584,-0.14609852073424073
499,0.07053525022154444,0.7388833115557685,0.16543393717009963
500,0.10133818336232611,-0.5401694366840961,-0.2574834041546658
501,0.062055385841543124,0.4008441164214622,0.002859764746755672
502,0.038008229605455975,-0.3228597976121666,-1.089573874843139
503,-0.522269347533615,0.22535500344757006,-0.11333772531982321
504,-0.3194181589761949,-0.16961408379521783,-0.22467794611472394
505,0.007874734454228816,0.10711599539616318,-0.20343476097893065
506,-0.03701885472347279,-0.08069241036530027,-0.23346929168259653
507,-0.18273212396142843,0.0362019391403996,-0.29453682839451295
508,-0.11185040392595755,0.12596557564917493,-0.2428511246253151
509,0.07747895064497955,-0.09169090080267485,-0.22926604188882793
510,0.22311279642903709,0.07116952441042797,-0.11415374723191836
511,-0.20115398364137987,-0.0479615987237033,-0.2559163994556966
512,-0.11409627097547893,-0.08767419323567646,-0.2837252406015029
513,-0.09814803271150346,-0.7692099062751162,-0.22164769773202458
514,-0.05798098508289482,0.3888975454557184,0.6445837013228013
515,-1.1863155922569342,-0.2876921506159064,-0.3550766814590707
516,-0.648313633205881,0.20810379595441958,-0.4209282054026069
517,-0.40329317804552106,-0.4374170670327646,-0.11219793999980025
518,-0.246161879559681,0.33576361069484084,-0.19319900969572182
519,-0.15135789811832553,-0.2490711471208501,-0.22099480333746635
520,-0.20324894352282163,0.2222819003075283,-0.18230894208197737
521,-0.1099784187015258,-0.257354313582561,-0.23223253530342924
522,-0.0785386052981352,-2.3053386800843145,-0.225087144649113
523,-0.0807313455499352,1.6784234256190926,0.32374223112220074
524,-0.020804954114949977,-1.2082027723447,0.2242344490477897
525,-0.012801797847479413,1.9069887836829242,0.01600949006919325
526,-0.04206980660990231,-1.379504000179792,-0.0471929696435017
527,0.05710141627285827,0.9993079125802407,-0.1649813970588005
528,0.014394018533368212,-0.2631898848277775,-0.18602900364322805
529,0.008813484851589028,-2.0575174626792303,-0.23390027358083343
530,0.04497909381483517,1.1392859468291647,-0.06513699707500233
531,0.11159605439628416,-1.645292557211472,-0.17211959547047428
532,0.24122359879198474,1.1919017359113424,-0.1302215580177125
533,0.6024964369889745,-0.8661038337880809,-0.1212324156060065
534,0.36904779462695253,0.6348912899683199,-0.20347493959779456
535,0.1751970128161805,-0.9273125451529286,-0.18823210112786096
536,0.5549196678992132,0.611842166462394,-0.18347273099770306
537,0.6093919708046586,-0.44299093031274045,-0.353213258087448
538,0.3705795256144322,0.3173653379167708,-0.1841518009605065
539,0.2614633065010104,-0.23753113175864202,-0.4263886536777096
540,0.15476649800338554,0.24666656479056243,-0.1649995397785394
541,-0.28287762045982434,-0.24346462065256058,-0.23467787308677385
542,-0.06137159901630995,0.15135598765326896,-0.2060885873914078
543,-0.033447048202929236,-0.13745629071806717,-0.11475640261198715
544,-0.020303556485236258,0.10994197659949477,0.46675103698011916
545,0.4702498205034214,-0.2456213077196273,-0.49361227664338847
546,0.5821232022927236,0.0059511015371859766,-0.19412367621348336
547,0.3301453431620221,-0.14940040912333497,-0.2231114384080731
548,0.06600028737547481,-0.4868961591485218,-0.18731807096979142
549,-0.639753380373817,0.3460457766894077,0.09810443363953841
550,-0.39185914123565396,-0.3088209955691661,-0.2722001169771972
551,-0.24577680660971074,-0.9234878706472908,0.29922834766168827
552,-0.14575120770069802,0.6256001214249947,-0.13321618471156157
553,-0.08927473092328556,-0.45296227814811857,-0.8915348647259104
554,-0.0829551727074352,0.5827039289835907,-0.49127802512817137
555,-0.05742243265654329,-0.4244417565357619,-0.1843736845020966
556,-0.41336007780839323,0.4578320214829763,-0.22842156440488096
557,-0.06783723549228829,-0.3311931577643298,-0.17898096121441426
558,-0.05665519501687308,0.38098299749598274,0.02932795938578414
559,-0.011740087447996237,-0.5569788529364711,0.06445742001665644
560,-0.035647342241788976,0.018271714578553255,-0.08283228572729126
561,-0.021798998491770326,-0.02105232404221646,-0.4509264680763916
562,0.011660419996854457,0.0015585584797396766,-0.15135171015309595
563,0.005089573849357474,-0.0015997444824872187,-0.24477724621488156
564,-0.051060770029425176,0.002728793637216061,-0.23237533838119553
565,1.2258734939501248,-0.25418642776683764,-0.2183814637467841
566,0.7500851427210045,0.1838775341075895,-0.253674728668644
567,0.47779061582264165,-0.1752077668631152,-0.07438897143382878
568,0.2926013578859416,0.6832802992768456,-0.21387134291787094
569,0.13299311595050883,-0.49941392457191863,-0.2832452654635917
570,0.30846945603558906,0.3354846116085433,-0.20653159401055796
571,0.19492756582298776,0.1560948545349357,-0.24892368297110767
572,0.12335836694930347,-0.6538170485243867,-0.22345973732390295
573,-1.1029120607863432,0.8069975067931197,0.2090862422301615
574,-0.673183488932496,-0.582862341645767,-0.24379613929725977
575,-0.35315795284777485,0.4028171113783446,0.11723188361382056
576,-0.21404851632269623,-0.3082871283772448,-0.21664349687639334
577,-0.13143517424448864,0.22287124990738238,-0.819820147755723
578,0.08922282298231435,-0.16065911032054797,0.483855014286629
579,0.05614105830427171,0.051140843377037434,-0.329194202800216
580,0.05395935341851003,-0.0356696238900388,-0.2223533682330464
581,0.14445978092071535,0.04621057664526804,-3.043616922125493
582,0.1887511133976687,-0.03358593268564262,0.15723762257553345
583,-0.11138572795257952,0.2976839536763226,-0.9267090328119023
584,-0.06442213776330818,-0.3325340445711688,0.07501767421163466
585,-0.08363884356364297,0.2405532268273318,-0.3086814642355974
586,-0.8606074169230883,-0.11152401873982043,-0.21846488181372037
587,-0.5248105144940173,0.08463146503629672,-0.23696461071166483
588,-0.8463712455391598,0.19813457343954,-0.1962843653125412
589,-0.5285667593871871,-0.08154202967127852,-0.21671170483503782
590,-1.903634959772805,-0.10721656246150801,0.3898036419574917
591,-1.2724470420143927,0.30969007345351196,-0.35850044407095183
592,-0.7897637631293729,-0.25282308656772357,-0.016618552225974595
593,-0.48374296783107473,0.2958487068560008,0.12529583221436158
594,-0.3120344855632185,-0.21401724516465376,-0.3243535223280862
595,-0.2701271223608821,0.2720457147183581,-0.2197871343094541
596,-0.23860717048483454,-1.6642552907369934,-0.2766399973369724
597,0.21356335968052031,1.2332592703728662,-0.16896901074017856
598,0.12038569947178353,-0.8931000069562137,-0.116185037724239
599,0.07364433130862431,0.9671411819821205,-0.15496853079293998
600,0.714006082391912,-0.3453018783783256,-0.19321537151913917
601,-0.09185673700565089,0.4855671078520068,-0.23286355503636724
602,-0.9418180940768197,-0.35181664502457793,-0.5257695775919087
603,-0.6836884399469169,0.2545039100399677,-0.6287335524084843
604,-0.4249671155673895,-0.24981908967973104,-0.18648062852972525
605,-0.41139473476134314,0.18064818982254524,-0.20288533050540855
606,-0.25199385604950314,-0.13060688058409722,-0.06212124349805945
607,-0.1544214689494066,0.10826136503274439,-0.1413890415172307
608,-0.4679981473321375,0.17544653750802197,-1.1567664765754382
609,-0.28624078315714235,-0.19524472350013253,-0.10401038329872134
610,-0.47200107198987395,0.14178763966616958,-0.21692953170107437
611,-0.25509294382769254,-0.0783129096512496,-0.3241158403019594
612,-0.1551939466961976,0.05622845253518941,-0.18076680461938555
613,0.9506295831099395,-0.5239301727243246,-0.7662082417869762
614,0.6376030111381101,0.36860238521663874,-0.1859939086040769
615,0.38960558311897964,-0.2906844241564157,-0.24906348005459877
616,0.24248203147670774,0.047374684355497326,-0.18503232846216766
617,0.14879706632839146,-0.03380570854752196,-0.19798315935307345
618,0.04941344525059616,0.016527173269571233,-0.46447376074922775
619,-0.2813229129287049,-0.014585453076325671,-0.19793543932245297
620,-0.04222238617351018,0.010586005806029971,-0.20455278365720012
621,0.31971391951352435,-0.007914341186166672,-0.23204912166612587
622,0.1853954399575063,0.016351329584190593,-0.24405816063087646
623,0.11169067051584057,-0.0013375639339518967,-0.5756442749285134
624,0.05652578344346031,0.0014133090143720103,-0.18700942058185735
625,0.13583869359665107,0.0032158304467036014,-0.2564126846983336
626,0.25762029053749275,0.028208837419315128,0.16057568267146755
627,0.09002237261388407,-0.026862826084302516,-0.29732381062075164
628,0.05097699530350797,0.11394618883126095,-0.2217730249264697
629,0.015268135853027068,0.11695865059533501,-1.3581373448305816
630,0.01025184262818541,-0.08516859060773711,-0.02323344056706754
631,0.05061776316525937,0.2805030505855834,-0.34279662835594593
632,0.15159068731126685,-0.1881734536999542,0.2529225163511682
633,0.09061243567152805,0.14499608997278043,-0.3041114186932482
634,-0.04147944524122357,0.42506007196783074,-0.12083527268711958
635,-0.010187688456608253,-0.5380172521957466,-0.06622624292347551
636,0.014230895772245171,0.439836163936458,-0.1120489621256377
637,0.004245624093314239,-0.35129559377951275,-0.24161668160490418
638,0.003044426937581565,0.2545001338327997,-0.21780723919592057
639,0.006327635550501881,-1.2707645210904626,-0.23181391000371324
640,0.07140747378357533,0.9672414828686783,-0.190845129718588
641,0.04377036198192698,-0.5575532195840099,-0.5965033092538405
642,0.03817195077639895,0.2787743321833166,-0.4105587728973652
643,0.023932589480498898,0.1393361758598258,-0.25476988019586294
644,-0.07612369183350869,-0.12903768056022116,-0.21983006460406948
645,-0.011976619939819168,0.09212098175503149,-0.2863787233942441
646,-0.007241191422301616,-0.24495690488189714,-0.2246621924923195
647,0.11236412460657678,0.18050085871434582,-0.2297207745140712
648,-0.09851939353748314,-0.14459845279397285,-0.24553521496570624
649,-0.09506963737234773,0.10038048309138982,-0.22418492579778854
650,-0.054775250859746445,-0.07269549200054248,-0.23411991850352593
651,-0.5393836709339912,-0.14690871917516407,-0.24071623298441183
652,-0.33062148759717164,0.1094735878021409,-0.23149601132829933
653,-0.21151107487794588,-0.09113541658647664,-0.21233872492511985
654,-0.13671428226833315,0.20977362526862858,-0.5843072453052701
655,-0.08534774370187884,-0.15406523832958405,-0.059217910827358805
656,-1.1604303069790491,0.11336913683752911,-1.0981942028203355
657,-0.7107749410638664,-0.08130405206964525,-0.10994344482654245
658,-0.43532024739728253,0.14978581064814658,-0.11258353065265748
659,-0.1510386745396613,0.05829094756043032,0.07770621206520956
660,0.20847095792386744,-0.04279439301148091,-0.23061997890805644
661,0.13215455819046676,-0.1522558521265955,-0.007850402711250454
662,0.16018444857539765,0.10745684701757557,-0.21581554725007457
663,-1.2737348158994988,-0.10559815339783125,-0.3513426026207068
664,-0.7638068725965804,0.08164214314537292,1.3771751371089764
665,-0.3328514453588934,-0.07630910549590837,-0.30859672342809846
666,-0.13799097944164374,0.05522570776799468,-0.996080548648974
667,-0.083186546240604,-0.039976087171206966,-0.13299589717487142
668,-0.05545791566406369,0.02891845167404562,-0.09772679429138253
669,-0.038818578150035365,-0.20196071791757642,-0.282930833262083
670,-0.02377574396879723,0.19976134857379382,-0.22450701219696625
671,-0.0066722632126637975,-0.18591342557073492,-0.6217392649258743
672,0.01459275812588364,-0.5308199487328157,-0.1750960990069667
673,0.008853785426585926,0.27472026772400476,0.3365041210258195
674,-0.19293664836595634,-0.2234771684216424,0.5728263572081171
675,0.4878290722848322,0.12933137984778278,1.493102865824459
676,0.23399574361219755,-0.09344231205442632,-0.46679314692523854
677,-1.778231694225946,0.01220538276298102,-0.15004610908773927
678,-0.7992073115177495,-0.00883936818506937,-0.38361676377661424
679,-0.3855433794350512,0.03371460339136632,-0.03275088743586991
680,-0.23548067543179882,-0.15837582749245122,-0.1235398599682642
681,-0.05214014651365527,0.04701458815606835,-0.23774960443519855
682,-0.02313442705513194,0.146984750699066,-0.22912731808635967
683,-0.07190594925624341,-0.10464007298648884,-0.4384570205708545
684,-0.04388632126557982,0.1081372876359984,-0.18692760907587325
685,-0.21562766302658434,-0.08189522129967595,-0.21454048411376722
686,-0.15951754751212074,0.05860367265034738,-0.5447626680958333
687,-0.16281934005818768,-0.0448528351192332,-0.06562296654436728
688,-0.09934827271660907,-0.05253825293763423,-0.2547880136271862
689,0.05937556188745951,0.11847091990304125,-0.24925583892451292
690,0.009477676083549373,-0.30403414471955237,0.07694249243255968
691,0.015557431922213767,0.16622650667819108,-0.26925421413225414
692,-0.9596719790546082,-0.3382186031517245,0.843780978993803
693,-0.7110332902664787,0.7045240337611769,-0.4056224664100555
694,-0.4201770199139264,-0.6176512809922313,-0.11966034144976041
695,-0.16949326437474865,0.5460292103306386,-0.19185056647893756
696,-0.019889264746747792,-0.7136580145716515,-1.5314010511048775
697,0.11012153704641309,1.1627965641063867,0.15796713978458643
698,-0.37263585353470235,0.43704990103769104,-0.21754718635391504
699,-0.24235783427896687,-0.3166815798068966,-0.23541166278623132
700,-1.865537697888185,0.4868151234631515,-0.2126108540657761
701,-1.1430504201474634,-0.6223084302296935,-0.2174663460107534
702,-0.6988407671118897,0.43288879063461305,-0.02234330470029328
703,-0.43196602206264834,-0.16297048805138378,-0.2700401584453501
704,-0.34422695141973647,0.11789068369612472,-0.18449213217194463
705,-0.20292238188930004,-0.10548025332558505,-0.22600238972837428
706,-0.10926523714070564,0.07629688693426685,-0.21579535766865485
707,-0.06668826669527411,-0.08562006492065798,-0.23301186846994773
708,-0.06280937624141014,0.012342992413915094,-1.235054661482876
709,-0.03846376697180094,0.04432784441700502,-0.09884453086880854
710,-0.023497611242945745,-0.8262493879114452,-0.3518323591357796
711,-0.012482888040513094,0.5643383643709703,-1.2828904268714079
712,0.01643960170384151,-0.4083908692510292,-0.11778407693526174
713,0.010067570077588224,0.3441358158285921,-0.18040919448244686
714,-0.29574235431740625,-0.24893681216765454,-0.6525154617467546
715,-0.18320364321285107,0.16438334630187595,-0.3636799439898698
716,-0.10710127504950866,-1.3893979710470339,-0.20528411703404295
717,-0.07409615861279865,3.084037047336673,-1.8252203618834475
718,-0.04434663351012374,-2.298084001200533,0.22883223451054163
719,-0.0592760771164301,1.6804841815119598,-0.09494114002510613
720,0.20595530059636524,-1.4661777333039523,-0.8435121504532156
721,0.13274086290270048,1.1105143441797245,-0.033350557544764924
722,0.08158018144045542,-1.1401365666465966,-0.21111103370943668
723,0.0933485656469367,0.7917461228290835,-0.508556076235168
724,0.10168545916484104,-0.5727457574697093,1.4047234367543078
725,0.0623573638558508,0.18196666980067833,-0.5672551282123938
726,0.13851349823492642,-0.09986540334130715,-0.44555028909475575
727,0.11299390734131792,0.07222865899394709,-0.20006476638379145
728,0.07019610989867493,0.061942477839853,-0.10040842552122911
729,0.04299624083830402,0.003672969901680076,-0.2755967195632436
730,-0.10978088368398095,-0.01318004267825362,-0.22721924672334415
731,-0.06652198134748911,-0.17930150718706966,0.04325718661688835
732,-0.04018754765276742,0.12256314269086634,-0.26385404550944164
733,-0.08252534538095327,0.008123558034520237,-0.14518946418834097
734,0.20178794238643327,-0.4651632669455987,-0.6527292185072346
735,0.12359833043602195,0.43507525159263166,-0.16704321251032228
736,-0.047560742035525655,-0.7375349494768179,-0.17349523145865559
737,-0.03642897293709242,0.5455541358923333,-0.35031668468583965
738,-0.02232085772756397,-0.3871492540512312,-0.2150766516140177
739,-0.01367634877222869,0.197297440870142,-0.23588667404516525
740,-0.05588902296943779,-0.4683488830170405,0.821077080991519
741,-0.03422858122736832,0.3387160381215668,-0.3659087365943858
742,-0.330404293015425,-0.23636930417897356,-0.20908338210358468
743,-0.21031146809449638,-0.06397713256075752,-0.19661353478171584
744,-0.12060639207714677,0.05141048064864733,-0.3935843135828346
745,-0.10442475093053724,-0.03656856188171606,-0.3987996589692402
746,-0.03693977763916362,-0.20297905132793675,-0.22289470970600866
747,0.028727381866971723,-0.567400735188209,0.23243578766866219
748,-0.0034833371921322506,0.41040113877009704,-0.26286678630022775
749,-1.3833508350361239,-0.30386795415890067,-0.20405059921261312
750,-0.7790494049409937,-0.12748775165529855,-0.2230142416024567
751,-0.23256896377992556,0.005735995935499075,-0.11321239914824027
752,-0.5450589843209276,0.8674236288334161,-0.22035193890829058
753,-0.33293199192397965,-0.6086542247870228,-0.12432607492786729
754,-0.20044699797956017,0.45008421390681164,-0.19869169266852088
755,-0.5439848977304257,-0.3856602165604861,-0.21889896162900513
756,-0.34853242349176045,0.27895109405805113,-0.2289410094713767
757,-0.014854580568642833,-0.08722320621108608,-0.20875992918481973
758,-0.007866070690006163,-0.03236305857355748,-0.08330089116331471
759,-0.004815481534323733,-0.005664342450913549,-0.2538633790678465
760,0.1577591797601278,-0.004751194049532051,-0.2539838834338124
761,0.07773522211653983,-0.01620866971484109,0.18714119608039081
762,-0.520855088804906,0.02380245138690619,-0.7751048298258687
763,-0.062231652046488506,-0.07282757590396707,-0.011973878498002244
764,-0.08232747633915194,0.052781813521705245,-0.4404357204106074
765,-0.050426333031151196,-0.037154811888043156,0.064906233431902
766,0.13620235538272366,0.028000621873902246,-0.0934984027040337
767,0.08631006625248153,-0.01980496719076185,-0.27912890573426913
768,0.05362385405619543,-0.28882680141718614,-0.21376313354424964
769,0.013701822418267218,-0.040534629927408444,-0.06675178013304484
770,0.03139652414692498,-0.6038229568932099,-0.4851442856740645
771,1.1311318387124152,0.43700062193080697,-0.6834468412848631
772,0.6769982443314786,-0.3027130437651625,0.06589372113660552
773,0.28927901503960707,0.22768309226913142,-0.2599440382436445
774,0.18118055895074747,0.1676010217733138,-0.19887609444199617
775,0.07798260377405195,-0.12351587441163675,-0.10027430813913926
776,0.04822575334431068,0.20718776030727945,-0.4357803168568295
777,0.029566369508715717,-0.14952870400103066,-0.2032931023930079
778,0.033687383089699874,0.16713374884703075,-0.16026210961367776
779,0.022058136524675507,-0.1605791837772807,-0.37483836404154025
780,0.01811704081383326,0.11604638156868616,-0.21220936126853693
781,0.23973790018270258,-0.14368930674540287,-0.2352740591411342
782,0.06833066737520047,-0.03881422706979172,-0.23251056055311578
783,0.041940584037689556,-1.0028174717713008,-0.24578628677784362
784,0.030743776448787997,0.816230787270178,-0.17771761403357247
785,-0.14077129356490573,-0.5863732293998339,-0.20644654193430328
786,-0.15844935015805914,2.7482872346920004,-0.16780975618436375
787,-0.09933891620840915,-1.9880726477160091,-0.06798319401845235
788,-0.07236388325813828,1.4440768896560812,0.19028130593575332
789,0.11512036427564375,-1.1513373343354074,-0.19073151880607336
790,0.07111445110691379,0.9697727985411293,0.2462134060317682
791,2.693661924051601,-0.7280408263301764,0.1563430763643972
792,1.6464848361357762,1.469396407448331,-0.27333831174143164
793,1.0067225892214795,0.4006014183608304,0.23015579695138316
794,1.8442436271019629,-1.0019574596163512,-0.11990006835681002
795,1.1164999252264711,0.6913377351322112,-0.12381385522630088
796,1.8196149746001105,-0.7190690013250272,0.02967766606230584
797,-1.7557442601054192,0.4673624904239874,-0.1565767182511726
798,-1.0980648820524064,-0.5341781614832102,-0.19525593871820016
799,-0.36456437873432357,0.3920969786214836,-0.06835610262726155
800,0.22447580908600334,-0.05899206107761218,-0.1662876407368647
801,0.1510282604418069,0.04292502277963754,-0.04471744519039969
802,0.07165602070263016,0.25381816984030775,-0.3236071931558312
803,0.04383508714430854,-0.17027966386842472,-0.14552776880453405
804,0.08558482593649364,0.26473567867036174,0.05658320971801828
805,0.05771686710386641,0.19065921846728454,-0.5026883640886861
806,0.13912519797791165,-0.18816338377779873,-0.34376175338851567
807,0.05639034442280128,0.6529683386691683,-0.11548051719984635
808,0.10656603869029013,-0.5319150390071155,-0.22325189916581956
809,0.3101622465718451,0.30720512585427523,-1.1119418617279238
810,3.3311830217963494,-0.15387770427733466,0.4544496811500043
811,2.0898983027401914,0.04586220762985398,-0.3113851452522842
812,1.3262692481422576,-0.1434611284990817,-0.5053015660269458
813,0.7657051542132812,0.15933300075648255,-0.04229803547301393
814,0.2627769675075207,-0.11693714579400775,-0.1455350816985477
815,-0.9359579550481129,0.06682576067631704,-0.2048993477726288
816,-0.5582500685937909,-0.09062481700270503,-0.21421989226596744
817,0.5781773900238323,-0.014795501373999806,-0.17606062873998338
818,0.35414031013455144,0.011986180447477835,-0.21965678990782117
819,-1.1984481166500511,-0.00904907227066055,-0.22622919099710134
820,-0.7322688394815647,-0.01916669195295262,-0.23353605066894553
821,-0.4487875129669527,0.9609322401157457,-0.1377854869181994
822,-0.2777127369485487,-0.666737609401254,-0.19583535664980964
823,0.4439211506041001,0.28042254807384004,-0.15021405123794454
824,0.4975257450310404,-0.1998450197377059,-0.23509068009699222
825,0.6912944441584217,0.11146445537020114,-1.1508248868969742
826,0.38646311677421374,-0.095066525514057,-0.07777541593819161
827,0.2451609900456649,0.7687689599926766,-0.18735510291400553
828,0.04300161997420615,-0.33224850480308676,1.2170005214864488
829,0.20911758110510367,0.24302556666365333,-0.41301044832215345
830,0.014770122966665522,-0.035612233277187266,-0.21692912061551434
831,0.24962251762343454,-0.28365279975968233,-0.5455301871471653
832,0.15647859722761656,0.24348155612064493,-0.19400814109040745
833,0.0988081158320488,-0.12475275392062929,-0.21537021835271383
834,-0.19246367698371042,0.05320020063923347,-0.14450015145726658
835,-0.06902496026974655,-0.5113048860882361,-0.33891159445549407
836,-0.576005860700583,0.39094303779310763,-0.43646990503130734
837,-0.5133279750943706,-0.2804432578371869,-0.18147912946710515
838,-0.3784699956064487,0.20280028986551338,-0.5451238018635844
839,0.7578927061747037,-0.1466783774767248,-0.41223371647472773
840,0.4648314257352997,0.10620544519710334,-0.19143006276519625
841,0.2621515672319533,-0.001085965693051319,-0.19725480511607715
842,0.18204907433446996,0.32671775899241057,-0.22302751087931666
843,1.5887177208361485,-0.24570829270574343,-0.22366615257396621
844,0.9730539259673869,0.3953577650473319,-1.6288656430253146
845,0.4998685798628731,-0.29568488193018333,0.11509195708718394
846,0.1923969606897981,0.17578211639973,-0.22004223916984955
847,0.11784654107010986,-0.12901164578563665,-0.213392413368311
848,0.6084945614073375,0.1181582149793017,-0.3781695537814205
849,0.3726750389344313,-0.07377635505972518,-0.21281589341336024
850,0.22776350110706,0.05336009736459804,-0.21161339432969486
851,0.0601601886988207,-0.15879853799280713,-1.6459284053769563
852,-0.08801958875072281,0.20147883198241995,-1.4699647792440285
853,0.08342577214244448,-0.1498915454699035,-0.03215462724440837
854,0.058127445769737766,0.10840700526427219,-0.24944134871916385
855,0.046661043809087095,-0.1382634538421978,-0.2029756703748835
856,-0.1987762776966082,0.6191187463240684,-0.23002936365568064
857,-0.09734362288866796,-0.4568782931799762,-0.21500945142958702
858,-0.05383645702952283,0.058193473753163194,-0.19480864664288475
859,0.3637764124079219,0.005188467938129007,-0.2482423618031164
860,0.3652729777643564,-0.0037831300775189006,-0.23173128402902762
861,0.22317699789364034,0.05918460426612651,-0.2607549241370486
862,0.1426863192834584,0.008980440005881642,-1.0167619106170538
863,0.09282840666693123,-0.5731735606913155,-0.47514099479463456
864,0.056851782833905774,0.4121907751444697,-0.18068632943007742
865,-0.020251346067661213,0.9208805052712805,-0.11466553995697332
866,0.07528095502044738,-0.6549755767660607,-0.21259772662418588
867,1.2938629804825585,0.485220903660068,-0.21208770694301665
868,0.7925049177389463,-0.25148559104711105,-0.24888220154363785
869,0.9779805834844755,0.36956501417731297,-0.6268314011790256
870,0.5970255829398233,-0.2673394952292005,-0.12983123003741998
871,0.36324542312467295,0.2616457745475444,-0.1779828986587016
872,0.22249523828656054,-0.14519755280143548,-0.2134158345144351
873,0.13478188953904882,0.10640137366431861,-0.23753219553917354
874,0.19102367207362914,-0.07697025031874057,-0.2275756676234306
875,0.2972584036708179,0.10045852210200784,-0.23281320832592758
876,-1.4222663526541992,-0.06760278784440167,-0.2165883676664207
877,-0.8053408871159558,-0.0333242177078256,-0.22687015197081103
878,-0.48425006555337263,-0.1975340388505315,-0.10755169019988828
879,0.2912097127567412,0.14288388567157273,-0.20309808708476457
880,0.1180913630570847,-0.10343443302557319,-0.22743048303604488
881,0.07295182668807221,0.3583589012428281,-0.40598277755047746
882,0.2518165899642809,-0.259236078684319,-0.15730498512143873
883,0.24047777225599687,0.18752082398483413,-0.2557981785010322
884,0.5502483267131215,-0.14291923125208356,-0.16116705765205597
885,0.2980731511449398,0.10410094600457782,-0.2367267097392359
886,0.15858773518094896,-0.06976716325352461,-0.21082721970846655
887,0.12410264027012483,0.17865985747953553,-0.30742205352465646
888,-0.15539079780303833,-0.14271421466610718,-0.7734641211706612
889,-0.08257548715302136,0.11625412524943671,0.3393696066284272
890,0.04681800471469077,-0.010285837640242435,-0.5100081697370569
891,0.034997595321378,-0.5108451980027009,-0.19909077832306213
892,-0.1988265050825565,0.3716376406065965,-0.22558589917444755
893,-0.13643560124651596,-0.35025853712968913,-0.2366906510381357
894,-0.08550257032532538,0.2352529894423234,-0.2510621434353584
895,-0.04215104761877037,-0.17264189489107754,-0.3231294174631811
896,-0.023276971154764056,0.12104030844177299,-0.21215517144467388
897,-0.020208954393024305,-0.15980946148082129,-0.23498867654252412
898,-0.4583410412976471,0.11591516236387034,-0.23236088626660317
899,-0.8578000389957556,-0.06997122398158497,-0.2332348877032741
900,-0.6193450044249388,0.047600793641167836,-0.25016764910763367
901,-0.48257504640855275,-0.17374737975059906,-0.1778742804228737
902,-0.31840432573109684,0.11459313928899131,-0.23885283380991604
903,-0.3140605464717096,0.33472964035953867,-0.02761016258262594
904,-0.1926204455786448,-0.22437207065601955,-0.02024404545004649
905,-0.1393178421058787,0.14596370072270343,-0.24680981779313188
906,-0.08445404785935717,-0.2400766016413921,-0.31951576542434346
907,-0.051729449514862524,0.17455808564167136,-0.32476704184615046
908,-0.010063997810408707,-0.12568752987391643,-0.21797672125730366
909,-0.09485008934808349,1.1059614477269972,0.06973835517272137
910,-0.12778206866875824,-1.204238693651649,-0.22745980291029483
911,-0.21553080394181534,0.8775822054427119,-0.15887192427338215
912,-0.1319333280237552,-0.5393205078450808,-0.036876922368122816
913,-0.04126893770022229,0.5083951008889586,-0.3542836168095635
914,0.13049503292134634,-0.6603688889494761,-0.10214087723659677
915,0.08042907344161951,0.48566081335510136,0.13470287091558683
916,0.049015021635120504,-0.3512577947465617,-0.2697602224626884
917,0.07133347129285533,0.2574809459201793,-0.29970777205039495
918,0.04368304464503326,-0.1796384939791096,-0.38423984035104497
919,-0.07281873045072741,0.0925625984335931,-0.18394474520436813
920,-0.0028917047399008022,-0.05598063288082216,-0.2427400902412133
921,-0.009077557899973167,-0.03014713738809959,-0.0077476592132148525
922,-0.3286717098183357,-0.3325290828456202,-0.08069760438925394
923,-0.2019411409740205,0.21695165350831674,-0.1985190789714002
924,-0.18030871918941277,-0.15627149043561797,-0.22443233902651305
925,-0.11044764899623344,0.5454685763051008,-0.22958281577480816
926,-0.10490433886409156,-0.40261703121080206,-0.19912678073813647
927,-0.06767636947711853,0.5935455729457011,0.4964368777684137
928,-0.06389875133418127,-0.4978200936497422,-0.39875988999568535
929,-0.039322178396609085,0.3295856294222789,-0.028683594255615563
930,-0.005074183948988738,-0.5729398046352391,-0.259418473822292
931,-0.00166497264366978,0.4142644965851656,-0.17835477297041424
932,-0.001019822418768052,-0.2997601624515228,-0.4935925917437864
933,0.10625851179410539,0.2601414058911357,0.055275451031575884
934,-0.18746952792755137,-0.19788643707900241,-0.32275538137208554
935,-0.1143662782426764,0.14322740923787577,-0.2202734426468591
936,0.0900081122546408,-0.3253522679295393,-0.5202396696593038
937,0.0726441492250797,0.23222231925763118,-0.18808917063551814
938,0.18676349764532627,0.2581746395300416,-0.27791982116908187
939,0.03492529856729763,-0.32701202296491616,-0.22361072751683791
940,0.17188727107793988,0.23653727937891847,0.17889323574673505
941,0.07081811206226193,-0.12230101470203159,-0.2850353912510452
942,0.1877325697583333,0.10688039549771984,-0.7625231634137201
943,0.11663300797343668,-0.07978420184826798,-2.0598205656227946
944,0.13499410266433676,0.03576349532753689,0.018857170335664104
945,0.0350934206082562,-0.262131481755561,-0.5560295479216097
946,0.020500241056880794,0.35598100725055326,-0.1455840042186315
947,-0.6091335054606927,-0.7598705138717848,-0.24235453498372603
948,-0.36824494478761205,0.5403877947700392,-0.19501397600147893
949,-0.1834581873675707,-0.6075240538177584,0.13666639653535229
950,-0.1066634719571744,0.4057137575695084,-0.1591742337114801
951,0.08675486782487457,-0.590268655620078,-0.23257410528803482
952,0.07884526625057521,0.425751436314741,-0.2506853115542499
953,0.04874654297854709,-0.28013420254387333,0.09781361204407191
954,0.05072539132036974,0.16023543265646006,-0.27343581127343375
955,0.01835238541729425,-0.11669934982345087,-0.20060931855319142
956,0.10219817755318705,0.08441964260921749,-0.23697956140717955
957,0.06592673960696808,-0.07817840498148082,-0.027601259998303707
958,0.04598756785557511,0.4598962926517494,-0.2606980682769384
959,0.02810317043271704,-0.4569445033269548,-0.21871638160432622
960,0.002618277175242177,0.29827084601071996,-0.04460698052227621
961,-0.0702717787825145,-0.16885339631340437,-0.2544293365844301
962,-0.044142127319699014,0.12217921793947559,-0.10865513365816243
963,0.018726948857935025,-0.09007665602735049,-0.0961679398403672
964,-0.48616299907078586,0.18537794289770965,-0.2578034198383209
965,-0.29720015259800614,-1.2601025221200253,-0.05374998570660264
966,4.5316186066128665,0.9128040836279906,-0.09110741682704465
967,2.7782681072971673,-0.4867025196865131,0.12760605848879367
968,1.7017057940297253,0.11875571845364735,-0.09376183113555486
969,1.053638450879801,2.029366827106548,0.046916850529581056
970,0.6453663067124334,-1.4645949642482634,0.07169720441223885
971,0.396270107544428,1.0643062069588942,0.12440048339785992
972,0.24474382521049196,-0.7573748564160422,-0.44999376077400066
973,0.08493577303015129,0.5479280940384594,-0.17075726656783363
974,0.2818439070089609,0.6798505657065922,-0.2206325822437387
975,0.1765866760833307,-0.6931838407635511,-0.1968754713870886
976,0.2990494820959987,0.42448823402717917,-0.112273101160739
977,0.1858336476754234,-0.2905086119393878,-0.15904267908387976
978,0.284303767291756,0.23091013593228832,-0.47442446241411984
979,0.17484540141525323,-0.29345125451236254,-0.19531915613367384
980,3.2970912305573075,0.3386267092595218,0.22652791801494324
981,2.2339649882283577,-0.42597133280718574,-1.1212154402409968
982,1.6850827976173357,0.27837369155793146,0.2583015778845286
983,1.0322187627013333,-0.21503770750036352,-0.08093763203497767
984,0.37151818217267035,0.1556006515752481,-0.08646556788451992
985,0.22717071240475753,-0.11364536387770259,-0.16398882960729505
986,0.1693289648165721,0.08413167982040522,0.14567327926193677
987,0.1063104517641221,-0.03573563162306302,-0.27026698088070855
988,0.05844168394345063,0.0607370411796206,0.35726316201695285
989,0.015666813011728144,-0.14620165106934355,-0.2272377582463343
990,-0.11238900106418845,0.08213786933914527,-0.22393033817786304
991,-0.07162405267772191,0.21025445838506285,0.18148139128801072
992,0.001484618040906334,-0.1281932611417071,0.20135630911322006
993,0.051992110789359385,0.12766034109909472,-0.2855837594216653
994,0.0780387239555706,-0.25905898347595857,-1.1381272945664755
995,0.047783458142148176,-4.12762613218736,0.10117775896764515
996,0.03245081510187856,2.9911072771693585,-1.3159165983238463
997,0.020015850754821082,-0.9464078540131999,-0.31996235998466127
998,0.02824990714375709,-0.1919635583309094,-0.2320288083910098
999,0.023747409587659175,0.1413277453126533,-0.2853862591631119
