,V2,V3,V4
0,-0.416313512563188,0.0616110866954821,-0.3923150949549562
1,-0.4050121986926887,-0.2620265537614403,-0.25108985861386207
2,-1.0798578349296217,0.12411021681968819,-0.27921921530031724
3,0.3733485002199592,-0.6482455430585832,-0.553120911534704
4,-0.5558815118645357,0.9938242248005551,0.12153142874596391
5,0.25633588069706287,-1.17046291239537,-0.8025363725945391
6,-0.2515713078361119,1.3852056149674652,0.14434798883838804
7,0.2335904008807359,-1.1221522236348098,-0.4082738942867475
8,0.9152205655584285,0.9650360271816311,-0.24145264460495222
9,-0.10601789234647122,0.0569020524230376,0.43190401654405974
10,0.36462818693406385,-0.4589435836624598,-0.1238249550232364
11,-0.3742172718834707,1.5800641166654026,0.1284949859934008
12,0.3810740163868757,-1.5707137311011543,-0.7204004323260697
13,-0.3210601020206675,1.103059904717748,-0.020739029265032842
14,0.40405112734758364,-0.9890995643016295,-0.14853175148263958
15,-0.38630856933645713,1.0491262245591526,0.036104768170901747
16,0.23047370386545685,-1.0706879420763287,-0.507742184746324
17,-0.604289303680744,1.120172371124828,-0.05672254404952842
18,0.12687565393167644,-2.003727804179326,-0.6861150521222432
19,-0.1314547580949593,1.6249699019787056,-0.3542535594174117
20,-0.06989647687577728,-1.076825483327425,-0.41800206996538586
21,-0.06553952405587413,0.9105722382559065,-0.21294952904983627
22,-0.01814306343738542,-0.6844931997272837,-0.230253197940104
23,-0.21695409273986171,0.366544999794716,-0.14362381455818665
24,0.6337216954740152,-0.27527827951483946,-0.0734992345138423
25,0.0179483404163177,0.5223764301674785,0.3140776442067387
26,0.45498963570043677,-0.6320408363904368,-0.2950292134855129
27,-0.07540647350528866,1.1526972082500806,0.14235184138289064
28,0.45558418373653564,-1.1437531498834237,-0.29020792647125887
29,-0.39706971858322315,0.9508583030442146,0.03819925745065492
30,0.31746674921587015,-0.8727898113807121,-0.42747268700890045
31,-0.2984685052662721,0.9743844515874663,-0.17319994824918572
32,0.26828479835865243,-0.9891347065404159,-0.45865221852298516
33,-0.3501533688931914,1.036282284578523,-0.14140897391209073
34,-0.44694823534048084,-0.7858297232167109,-0.4003096275001192
35,-0.19209890503019955,0.5130825521361851,-0.3924225716476937
36,-0.285229173058169,0.3280047301386642,-0.31412264236736254
37,-0.06721313273733623,-0.341971602476407,-0.20845640934705356
38,-0.011817097401685968,0.29434318860940417,-0.06757861059137954
39,-0.32589834819542945,0.20916227268771867,-0.06744344838250567
40,-0.17220688592650846,-0.18993290803908633,-0.2744093961064163
41,-0.018768085639224996,0.09918854106941971,-0.1996854875313867
42,0.5512880901143893,-0.0412619741511647,-0.0051730644733917214
43,0.2016233206154101,0.01379269235082451,-0.1014913441034615
44,0.4932156026557424,-0.18964328279753964,0.1910579305566253
45,-0.014527846359618908,0.3837717749984895,0.23787914141848068
46,0.31110746637785663,-0.5002258057660158,-0.12461455303081559
47,-0.19930279539561035,0.5433890013337517,-0.4342224275769655
48,0.27810303848483453,-0.6448755708785708,-0.09725522481479931
49,-0.13026086136215423,0.6859650809673665,0.020671180186808975
50,0.19125324561214269,0.2473268550616835,-0.24404780908612134
51,-0.3115358557308603,0.18204526835498377,0.025062453539172934
52,0.06462651828211612,0.08513400661363163,-0.743617482664215
53,0.8508304913370424,0.1668900477055889,-0.6531454859926051
54,0.19493919117512185,0.4236784690626323,0.3048594243236301
55,0.5988096996556803,-0.5881506849370512,0.26663728461301817
56,0.025870974212797167,0.6145279760960787,0.18483737064015351
57,0.24759360679579487,-0.6577582251123718,0.6620776331488305
58,-0.2429270513108976,0.7604173157390007,-0.06718824011214775
59,0.2168629084277593,-1.1982708969421327,-0.31678150057339877
60,-0.28614392259922816,0.9586981330701575,3.14748928732108
61,0.13355276876078415,-0.3528838601436755,-0.7016641431541728
62,-0.26358901875197227,1.0256545486234565,0.08558051901972583
63,0.3213664965529322,-0.876605649358743,-0.4182229920608301
64,0.08527207833547967,1.2001051706735282,0.037240469020169004
65,1.0633057995931743,1.1624043324411568,-0.1982812836094201
66,0.010423929041300711,-0.6536402172144049,-1.5138151287382893
67,0.7194207642121744,0.646156709493782,0.05823057249414218
68,-0.25332262745882217,0.3169225792242823,0.23855239195008984
69,1.016047820939159,-0.7131275854621629,-0.18805878433662163
70,0.027176526812559915,0.9534436733983725,0.38302517797915514
71,0.7732984024022429,-1.1245234080347877,-0.2769508501391974
72,-0.12511032815400935,1.1702751226230101,0.19961812075470997
73,-0.11995528257106858,-1.1810230347837292,-0.4878081478615754
74,-0.7479863248001621,1.2629903430838298,-0.46457038024551445
75,0.20619849419818123,-2.6398242688933866,-0.6740518012470222
76,-0.46675431165024783,1.8728994786889885,-0.4183169210403627
77,0.18355868638870235,-1.5190087054125148,-0.3633536960102649
78,-0.383681702744714,1.3691201294384197,-0.2997749296332074
79,0.37991094233660766,-1.339970974246179,-0.5109026245780771
80,-0.3927969697470175,1.340222260530268,-0.23420916220868618
81,0.5288268498432444,-1.2918753060912358,-0.24268786821303984
82,-1.094196862161674,1.3211633051599374,-0.18938075913115826
83,0.024580487796057454,-1.2950769934378994,-0.28379056432392746
84,-0.7827794204080529,1.3246190689508488,0.5870897021447514
85,-0.1126795897188152,-1.504878530905243,-0.6401800722642519
86,-0.960030910872637,0.530345448184598,-0.3940312249056579
87,-0.12851739617870056,-0.9229455165125986,-0.5942058182232661
88,-0.860575935282074,1.1479738163925308,-0.2351807998546136
89,-0.7007196863386126,-1.325571524112187,-0.7152422730730726
90,-1.1561730551884744,1.3734714015474772,-0.633441277906394
91,-0.20753175659437384,-1.344431481662713,-0.8326270721750123
92,-0.6773005062228636,1.2862166579001597,-0.07418526163331618
93,0.06203003195729165,-1.1576543743487133,-0.472963084156069
94,-0.5621500740163996,1.064553237346809,-0.1803328330466221
95,0.29827361253190177,-1.038136810038896,-0.5611611016115752
96,-0.4985953476000185,1.1748664749112898,0.025662422755063294
97,0.31909324132497185,-1.2869536166473325,-0.5755430842392267
98,-0.4992432432725422,1.3051500237719647,-0.029427241871534875
99,0.33125761839017176,-1.2254215720324726,-0.6216026272856766
100,-0.4801803843850484,1.3954410234467651,-1.086351889181105
101,0.3561445332438806,-1.509102819701692,-0.8779423531866775
102,-0.44503447474651736,1.7522060054962312,-0.29771192007309577
103,0.12786258525409572,-1.6071028651795478,-0.17050704112431758
104,-0.7215629297541578,1.5706499726844214,-0.27645007756545453
105,0.2851062009510998,-1.3446359881993748,-0.6194383921640835
106,-0.6637746429319434,1.391589804838301,-0.07207777248700621
107,0.1965002998734002,-1.2787070191154082,-0.9140847502801469
108,-0.6576051331004634,1.354155231218508,-0.10634962352962754
109,0.39414713249701805,-1.024012658581562,-0.9721396570560099
110,-0.530881097897993,1.1711311223285117,0.14084926457505087
111,0.39220087220000516,-1.2712169526117716,-0.5991382909257436
112,-1.0581770320464914,0.8833734286779875,-0.4407696948524497
113,0.32696385210752354,-1.1087908037096166,-0.7010973397500916
114,0.3098412556452729,0.9549849903768577,0.048069972429815463
115,0.1838775223805016,-0.2088742005326264,-0.04083432113797619
116,-0.06762102507135195,0.06249000735695882,0.06934598327500863
117,-0.061952613812599,-0.03139010066942485,-0.23138824244117995
118,-0.01481829827434109,0.008155639027168402,-0.10230536430707812
119,-0.029404305332656564,0.1396105646986446,-0.0005525447650536578
120,-0.024408885581521565,-0.07971432134164841,-0.738517807806443
121,-0.03131471648149314,-0.06046104862624445,0.07652425157021558
122,-0.02193797312041214,0.18810983366049064,-0.6376136741408897
123,0.015375488915875035,0.07498502155748767,0.010415564933087382
124,-0.005233518217498359,-0.055949360722187945,-0.04986838430068498
125,0.11276836840102755,-0.10335214820806168,-0.015631589296978877
126,-0.035918612720740484,0.06589296121210117,0.10685098339342396
127,0.006294190246695905,-0.17006577246682733,-0.04942010576768441
128,0.024319772794162448,0.16538255050961922,-0.031016429417717865
129,-0.3036106393777618,2.005576469830555,-0.12816015124567828
130,-0.4071146054592184,-1.2060902475526485,-0.6419580005984244
131,-0.19871911779940132,0.7609106503425186,-0.5321292152016541
132,-0.22694662979372926,-0.33204823451554766,-0.2219668025318388
133,-0.13251345393656136,0.40574145491755526,-0.19081515111330274
134,-0.15412699443247385,-0.3161961172303934,-0.11006451583286739
135,0.007461693135896296,0.8899087157919746,-0.06767602635782662
136,-0.07986722088684912,-0.6447753631202296,-0.19109774705397292
137,-0.01608709838472666,0.27312337440406576,-0.17976794247155276
138,0.27077165802770375,-0.37126270866856165,-0.05427402297375192
139,-0.12235786998120968,0.43996115700996363,-0.07666793593090976
140,-0.3571128442343737,-0.5614811533680719,-0.46116292944296144
141,0.6202098245932806,1.9766845621635758,-0.2836246316785068
142,-0.7281609243801787,-1.7351024755781825,-0.11096790857412783
143,0.41202370017549655,1.6210228208754869,-0.8521023478185022
144,-0.5620617477669538,-1.5733185092325805,-0.0583066751385513
145,0.4555373825788632,1.4498151961001975,-0.597911863312174
146,-0.4604102635572603,0.9512224856741907,-0.46003020200401723
147,0.5069181974602478,-0.18825986208045697,-0.5909443214490866
148,-0.39186500429645865,-0.5170388000907936,0.3343361689951767
149,0.5966872006025139,0.9874340457306936,-0.3990809948493555
150,-0.5770236844834908,-1.1403718553611177,0.21968859814563227
151,0.2105752718302654,1.1136852316694794,-0.6436823309993505
152,-0.7042029258957918,-1.1229957674862416,-0.06032191998114268
153,0.397442376944923,1.0641546431699076,-0.658355039406732
154,-0.722615658638319,-0.8088846374078125,0.15397203392868436
155,0.39595013099601445,0.74217051648796,-0.29509992601512525
156,-0.5687409470771256,-0.7415911983890109,0.09873833877491789
157,0.66384853343065,0.8593728995845579,-0.45899830964468774
158,-0.2494925659007589,-0.7207899017356982,0.24671712429148954
159,0.5461730962974236,0.5150892717347927,-0.353773923348397
160,0.16115687852883176,-0.40028509429050946,0.15702633371553856
161,0.8635245640350641,0.3348608221356603,-0.03199147851496284
162,-0.24871669287403708,-0.26543760139359673,0.398996188454201
163,0.5557705913217813,0.1884097751428325,-0.6321493011952923
164,-0.48305163739434265,-0.09547086856924618,0.2303681598181626
165,0.50422415287784,0.07163715630536384,-0.5203654314229016
166,-0.49684488637112306,-0.199062826382487,0.3421997156401145
167,0.48969383079301915,-0.15322118999583806,-0.4465819549230713
168,-0.5142685820087877,0.18034549690215498,0.27557186827179386
169,0.29085141447080887,-0.22222833104910147,-0.38186162380327143
170,-0.5918146271326497,0.1502526558051257,0.14946647210382163
171,0.4276755874274749,-0.1437196718322373,-0.3489176532996209
172,-0.33635095128717907,0.2505678176519041,0.4479032088230489
173,0.6058129995120591,-0.22666641825446843,-0.314681536728865
174,-0.420064205557719,0.43251407013447907,0.21502518567044376
175,0.5432516581452864,-0.6731883415295219,-0.37448504626607065
176,-0.181981997117948,0.7855896886536515,0.12065405622312278
177,0.7160110677098167,-1.1167293712156645,-0.14272290962600834
178,-0.31370567679099387,0.7274211463953575,0.329281225325327
179,0.640692314645787,-0.8733492474311427,-0.3978941131345737
180,-0.2733631570434974,0.945965253617,0.21130638918526037
181,0.23757663798681827,-0.974473300396225,-0.3899887856693633
182,-0.6690966692276135,1.2486052223038506,0.22739769732534937
183,0.307006954553038,-1.1811040200332272,-0.6985968167825565
184,-0.6149680935675009,1.161714435509789,-1.08697617529874
185,0.3766252268487275,-1.1730867644051406,-0.5230179853292589
186,-0.5634821056793274,1.3011963827612147,0.01766463205650412
187,0.4024879607089751,-1.2818552663892901,-0.742879944280337
188,-0.44410484059336525,1.270209727698333,0.03211117065915791
189,0.4680339537951367,-0.7202449268393921,-0.5675920480401407
190,-0.45449492356833454,0.5923666133819347,0.17432895639949506
191,0.6154977844837928,-4.675935039906387,-0.4308511915581025
192,-0.40549539679117513,2.83199856485028,-0.4059061815995008
193,0.5584049657151581,-1.8273777630178822,-0.8627482125834567
194,-0.4793631664114334,1.4421725544555,-1.200508781292164
195,-0.0533917754651283,-0.8508132078013432,-0.49839576591306134
196,-0.6084661652432172,1.0475969185780984,-0.08526014081585569
197,0.12325249366358511,-0.8036072191137152,-1.5919467519028887
198,0.3649338806550939,1.2099313856467022,0.21385013627279556
199,0.8488333829729625,-1.1424641098795085,-0.03639171693993304
200,-0.10196603431620202,1.1144765102849077,0.20405901295091045
201,0.7553400844699518,-1.884502069375697,-0.35221940401014945
202,0.12728771262674954,1.6098769525654162,0.06275472868312924
203,0.9719975912279315,-1.533744806636688,-0.2820958194448967
204,-0.13190638830406876,1.507697782255698,0.1855695663219765
205,0.94257850876816,-1.0434402715909878,-0.42548261087708167
206,-0.06288294245370302,0.740155689735528,0.3289073616472092
207,0.8089886752157467,-0.7437677706887059,-0.24774006133779236
208,-0.2607083189730469,0.9777291768987884,2.3502160053581185
209,0.43683883776313126,-0.9070632950179279,0.2713156191997046
210,-0.6245333164177312,0.8181752117663253,-0.4937371378797417
211,-1.2221650418307153,-0.8535735618337408,-0.4588227687627578
212,-1.882164354999112,0.9011915903745594,-0.7348532536576177
213,-0.5843543700752897,-0.8297033218302509,-0.8132980201519546
214,-1.281805566526942,0.8949625819701943,-0.4111664115476765
215,-0.6633402406600474,-0.8965586927516999,-1.8854392609730408
216,-1.3171763340094138,1.0182831791720348,-0.3788949608033703
217,0.0007178597496668992,-0.06790652233575623,-0.7959284498028347
218,-0.8219083022181914,0.250688637042356,0.09344941866825722
219,0.24587860519778462,-0.38440647433399144,-0.5289782218760682
220,-0.5566927077947441,0.9557298806595484,0.049284212051235066
221,0.43440717402330553,-0.8114859684891461,-0.5945269588680648
222,-0.1694845114800536,0.9676297872740804,0.032640031657505786
223,0.6033081567000862,-1.0725437321260174,-0.3640961356079126
224,-0.4048203162418483,0.6128240936012819,0.2369699981887327
225,0.5217311394178707,-0.7674396144047442,-0.5199621705722337
226,-0.22836064346602247,0.8930886514920274,0.165566103919059
227,0.7752415130584098,-1.2675973028200747,-0.34570931534527755
228,-0.0540016043385903,0.030556565499730626,0.17042030912506742
229,0.7959080681344066,-0.5502485757964917,0.3505525862569045
230,-0.2169151145734561,0.4417087289685552,0.2851754775074224
231,0.6752717431309625,-0.8022260925767908,-0.18601507175245208
232,-0.5961643977259686,1.231597038944892,0.387598217861151
233,0.41089559971506023,-1.2781767009160525,-0.6798349668510776
234,-0.5295042911720061,1.313907660655173,0.5408124871595437
235,0.4524778665550953,-1.320391196945259,-0.6807379200348502
236,-1.0388711788305618,1.1283885006881553,0.04659313880593707
237,0.09996330112329121,-0.9000598661218786,-0.6341454656129112
238,-0.7864700227345867,0.8590562632283998,-0.10260210409558428
239,-0.2420719620056373,-1.0386791476177664,-0.5830978076803941
240,-1.1322653170329944,1.07178832395202,-0.8827610310325715
241,0.015052050993820735,-1.0427588852216638,-0.7447022419210324
242,-0.8372009986377628,3.9544398376529806,-0.15286930301137933
243,0.23181888975053114,-2.6975381386694477,-1.3727041591075695
244,-0.32564215646721495,2.0870633375953793,-0.3027290939840245
245,0.5673385890918751,-1.5668599616895906,-0.6049492397267254
246,-0.5929370878809667,1.4184114786693804,0.022788923662710635
247,0.25280147380643603,-1.3818528120925544,-0.6821224408128013
248,-1.2228134747959407,1.3552158658692939,-0.09287266833413933
249,-0.08065887212085364,-0.8117868190036667,-0.8895302703940678
250,0.14475532003125574,1.172161015832312,-0.08655865023555533
251,1.0277141300790367,-0.5573685239988128,-0.444569614948789
252,0.5599364211742486,0.04136672785993417,0.5778706908432195
253,0.6167030400910863,-0.17104964759514074,0.26608023222766936
254,0.3119372342337026,0.0743882858977965,0.2850909448687296
255,0.6871805747624438,-0.07206511657024908,0.1447805571099837
256,0.41014035675273186,0.4621264631280745,0.3807786195782027
257,0.5597967633178498,-0.34416658793548816,0.061959054957102085
258,0.5864430425224171,0.698099381317492,0.21969044235067325
259,0.11995894107759489,-1.080579647636309,0.29103154078252375
260,0.32312700798284905,0.4138353485953872,-0.23524465048767912
261,-0.045514685497540744,-0.19148881344045027,1.5121970811459329
262,0.23761310752986006,-0.1003706422141612,-0.2380041445099659
263,0.08451905300423507,0.2590176717017989,0.14896053192012326
264,0.10362571120649813,-0.11437067013498237,0.22534037991881473
265,-0.12061435285822793,0.17469313920245796,0.020167125984167353
266,-0.04810032310797767,-0.6592476660953825,-0.0689907299044611
267,-0.14042876109721744,0.44682003478702853,-0.5611281995262787
268,-0.015580688385271706,-0.3049815569432754,-0.1310595000910115
269,0.25079408521401936,0.3802291460805972,-0.5201188927531595
270,0.4049575859809029,0.01874488874412343,0.12377318661788211
271,0.576237344450473,-0.1728726587591317,0.2265145343330211
272,-0.34664578634707843,0.2802531264098478,0.2713287133665525
273,-0.10640580521414927,-0.6377023083972876,0.010966702582156984
274,-0.3298063256882571,-0.2574941788428635,-0.21657990134885075
275,0.36480281361590844,0.6737963630368654,-0.23823515345066268
276,-0.22484779077141342,0.06895512452088957,0.501115249005493
277,0.38373377784478624,-0.45608639743600093,-0.19423284312351893
278,-0.42604885897212674,0.699304584948488,0.1630682357826049
279,0.22717355762734687,-0.8267671424994928,-0.4386365091330901
280,-0.37705762227724804,0.9266409090756467,-0.5640799597726119
281,0.3077500400812121,-0.9108850682147841,-0.38492019104187547
282,0.5826396195568144,0.9364245946132919,0.017534472320688523
283,0.4472914647115083,-0.6406835336148311,0.12570449066366185
284,-0.21415155918585335,0.48970841343961863,0.1056973076827335
285,0.03014649446083495,-0.7136629799988243,-0.2218853295539585
286,-1.4014385583986837,1.0993354232138774,-0.17649339620187776
287,-0.20936218434868237,-1.0522681787905226,-0.852153973767699
288,-0.7758879027285014,1.1088320308864936,-2.2924609268242713
289,0.04101820995398071,-1.1344271001492157,-0.4584036990226299
290,-0.4328551613484867,1.3343009943369526,-0.4219268729276065
291,-0.014600228181961087,-1.1734641867546516,-0.9354573645184191
292,-0.28018475281475486,0.8887368677141052,-0.17978508966211984
293,0.08736727006735846,-0.7429967994356893,-0.360436434170216
294,-0.3379987447414893,0.6420762072020578,-0.1194741701246757
295,0.17764828744010006,-0.7308184100233911,-0.33806568493088446
296,-0.26333771765834235,0.6928204918260326,-0.05251447524373602
297,-1.3685203867304963,-0.6574390769972335,-0.3621911434121826
298,-1.26770508452195,0.8268191328200827,-0.6800442155582609
299,-0.4638152954430386,-0.7614364330517701,-0.7301864907818261
300,-0.6384574870057101,0.850115668751044,-0.3750333631210924
301,0.38491274511417833,-1.2199696367622497,-0.012740632639455685
302,-0.2940924381236893,2.0434359420707553,0.06651036186772742
303,0.49817918541190376,-1.7423360678191688,-0.6605976009210988
304,-1.340543295014776,1.5280480579468023,-0.029501223616037603
305,-0.2756814305816948,-1.268058439736337,-0.939100864883476
306,-0.7267014424208509,1.2896561146446623,-0.36363290638988655
307,0.15763350506483093,-1.3920634900979991,-1.4011487430468763
308,-0.6643076233593319,1.3031427114893281,0.012632028894966896
309,0.21050779273723697,-0.9452336510571158,-0.7756433642163217
310,-0.19151603262671946,1.0997427241087454,0.250351114531321
311,0.5580346685009647,-1.4168849551299532,-0.40300812393486074
312,-0.24388793931004574,1.3443434973473798,0.04226632610493985
313,0.5871262377932103,-1.0990844392265524,-0.46342413631090923
314,-0.274052802279899,1.171914638968597,0.13893833191387114
315,0.509177602010949,-1.2208815312237136,-0.4566914689818247
316,-0.2977655738557061,1.25969503108767,-0.029113251707692606
317,0.4661670728237267,-1.271509862108965,-0.5465779171595876
318,-0.36734873144517377,1.166200675267718,0.13209104883534498
319,0.826801590404616,-1.2078593326364226,-0.5130112337360846
320,0.5521232547558925,1.2201431272321164,0.0013838411388241711
321,1.389721866569463,-1.3113949312495896,0.054522391516036585
322,0.22025083403149204,1.3659210278463123,0.29937434124371093
323,1.057880091167093,-1.3229369602493024,-0.21606527185896318
324,0.050765061450510275,1.540764935557208,0.2695797960957615
325,0.8290862495331968,-1.4967132417280673,-0.2915346951669648
326,-0.21142129121435457,1.6590053352555238,0.1397513208231339
327,0.6455838550319648,-1.7694124821285648,-0.5481182490171558
328,-0.12210368811122765,1.371287647364886,-0.9375810381324801
329,0.7071085184009852,-1.1515596751765078,-0.15010477500177044
330,-0.06359308812808885,1.3032607659617106,0.1078048971866154
331,0.6431489417231663,-1.29672403965227,-0.35634078797747315
332,-0.27287461641933325,1.212948507711793,0.21673543837378584
333,0.5996981914722128,-1.0784132844881074,-0.4788331988882359
334,-0.4217919132789318,0.7318616053071544,-0.37482251169282027
335,0.5275107973664441,-0.5750684435634886,-0.3847838164241214
336,-0.47205015602795297,0.4417620248183002,0.21696260202205808
337,1.6287801106574604,-0.4943145250897628,-0.4186633068139146
338,0.7340146507114915,0.37013660947984295,0.46536681959238696
339,1.4877392422551243,-0.14472116571483415,0.24301707534041708
340,0.2174860399154072,1.1889367277636853,0.5600960902205272
341,1.0253625628697278,-1.292473731819744,-0.5382798571494964
342,-0.02229642278868979,1.000657362187097,0.25688773218101746
343,0.7068410891497097,-1.0666246430539439,-0.7792212923011499
344,-0.1941724849530834,1.2026850377591636,0.2159413307957327
345,0.6716221533801503,-1.2603294706347632,-1.2723212842193983
346,-0.3912223237414161,1.341638689939042,0.7796767558017669
347,0.734784819175577,-1.6089817284555457,-0.7181302329787316
348,-0.22328230450197248,1.5267145050434099,0.11519852129780375
349,1.7123568834384808,-1.3063344501231704,-0.5074762840307941
350,0.529017657645492,1.3629088291812368,0.35472955704196035
351,-0.2584925056608447,-1.1801311921531106,-0.03445344431288581
352,0.5117389185972967,-0.2682561640956516,-0.4426851013757183
353,-0.2076902013841419,1.2827385691050686,0.3411919050308244
354,0.38341474122376906,-1.0048772152929177,-2.133197621537214
355,-0.5416102862125706,1.160365843083417,0.2304886535941874
356,0.27135505784883884,-1.301868838253115,-0.6203557040634226
357,-0.5665237924908778,1.3411506185397397,0.05532106883777621
358,0.4539950343253785,-1.2548493306694262,-0.6838019805839486
359,-0.44916108187573167,1.325083377079014,-0.26139716297586735
360,0.6170773731274977,-1.3446586818352426,-0.5708031042319409
361,-0.3852891524337517,1.2700398262478494,0.10932894898924214
362,0.4351066276202158,-1.3027225183051834,-0.543366584534017
363,-0.2809103365599477,1.2573139558549504,0.023742017614145277
364,0.47571921545548307,-1.0345258794501841,-0.444689650224799
365,-0.5890697880513356,1.172126985722647,0.09164120939491262
366,-0.39728553134317096,-1.0160002360451645,-0.6303843711587458
367,-0.9912194569940411,1.0864924776597529,-0.4044890003898877
368,0.0730802443697871,-1.2818645479533797,-0.9500442735761429
369,-0.7493858285705737,1.3958345750851373,-0.15072812050462855
370,-0.012523044792492645,-0.9817241684253898,-0.7341229439219747
371,-0.5253219366457977,0.9598465911422843,-0.15705641173288631
372,0.2452713403052344,-1.0345548255690395,-0.6238168514903226
373,-0.24825567843786744,1.1393493536718804,-0.0692036704427278
374,0.3048255196510609,-1.0173085511380071,-0.5490073030345879
375,-0.2634234262524765,0.8821341771293844,-0.1712051853527664
376,0.2509555878510306,-0.8509217200663469,-0.3497701772232013
377,-0.23018646027125264,0.7926360415163649,-0.008006571227600508
378,0.23795066074777355,-0.7629599438456218,-4.349807126699614
379,0.056655638733846325,-0.33159201479137534,0.3932475542690262
380,0.4439173696384211,-0.11121563654153731,-0.061421175672122415
381,0.1733751035643072,0.3659144742913973,1.9613571705296984
382,0.9217750543279108,-0.311747725636056,0.3631136704844271
383,0.2197513516557567,0.5189443859707978,0.2513650774619839
384,0.7310008674347171,-0.7662045732575393,0.008965323413433795
385,-0.05017316022717532,0.8550787072774155,0.15458935975174537
386,0.5387697965290461,-0.9765013316184373,-0.2908128157876585
387,-0.1681915287009296,1.0321173712234668,0.41241262002100315
388,0.23192333058574552,-0.8840597687389778,-0.374195307643594
389,-0.5612193278301217,0.028306999971198787,-0.005489272373095391
390,-0.036285450246870285,-0.6968294687493422,-0.17731207709274643
391,-0.3253305011154439,0.6732113572270175,-0.20903357061900443
392,0.15984428218522104,-0.8071539183842382,-0.23102552273342414
393,-1.1381709110715676,0.7240142630763221,-0.06115128431109323
394,-0.5962953738701988,-0.6646301302066036,-0.5728539523810914
395,-0.6632393611297188,0.5924113147781261,-0.7593801152676445
396,-0.5719112596345983,-0.46722629595243953,-0.43911168622805724
397,-0.35344170516332124,0.30593129049030515,-0.5599485957769035
398,-1.567051605603262,-0.12274538640900373,-0.13035765346759137
399,-1.0891439964821026,-0.08125858595825074,-0.6182367751796639
400,-0.6161582075658486,0.061208588879264385,-0.5690983892728212
401,-0.726948883344511,-0.12385558123547566,-0.31701519364320685
402,-0.4009953588943483,-0.08170659018079862,-0.3466846041765204
403,-0.456235495326067,0.13227062909722942,-0.23733664779990948
404,-0.3003627159940973,-0.38909202644855345,-0.2796082257449038
405,-0.5178815359874569,0.129960593312063,-1.0983940961988454
406,-0.6114222331805464,-0.29134967192610267,-0.21698731216594203
407,-0.7005969344942937,0.3365817511979636,-0.4031803500601912
408,-0.3093728474700287,-0.3578573301670937,-0.43743098260130603
409,-0.1711332559410202,0.3533356571573766,0.45693855079656753
410,0.16589831975374225,-0.25334264522650385,-0.24338778238575332
411,1.4631152514640924,0.8809768456406561,0.6171757462932732
412,0.5890376861781422,-0.14879797280822324,0.3297937235650941
413,0.44631657533071406,-0.2641731802502828,0.26714681948291324
414,0.7328605364774758,0.47254661513670454,0.16240417897358772
415,0.006655709940141686,0.3125671447097177,0.452666318321635
416,0.5963666272622647,-0.9482598704429721,-0.2277678898949979
417,-0.05071171959687784,1.0264336663487619,0.21874478793104063
418,0.14583875341475128,-0.932362843132695,-0.4530297288444389
419,-0.0761720953936088,0.7205764490437505,-0.12090870561376982
420,0.34216470023472834,-0.5949622220223219,-0.20272066540700714
421,0.7549832220166177,0.6996135762512199,0.21014084180088716
422,-0.4083385474278076,-0.5045930541118316,0.23362591363359714
423,0.2475631240037065,-0.1533332916533545,-0.3895052496435062
424,1.2371406212063694,-0.2001025928607515,0.15927871411878627
425,0.8364461331505632,0.13822433388648875,0.5293186057408412
426,0.7623652992641459,-0.1325566686023329,0.27736740534956544
427,0.3193417442172481,0.16480303438919794,0.3718836060220596
428,0.5110732177729103,-0.34084280425061636,-0.27092556319106836
429,0.3212805000071039,0.4268088220617836,0.017879341816090938
430,-0.8019226811237312,-0.4934340735276699,0.09651054617977697
431,-0.9196954449262179,0.5414520898542781,-0.5874089114299975
432,-0.3621412871048577,-0.5863355929886103,-0.5510268429880208
433,-0.6502806684683048,1.233636073942027,-0.32330941308158756
434,0.11216029877776809,-0.9809912976622258,-0.3220930504037755
435,-0.3101528019472497,0.8333820138050283,-0.05165687550032266
436,0.31345097983251674,-0.7473948337372359,-0.42230254202556966
437,-0.11635359782601203,0.3872451391927678,0.06222481269027239
438,0.36680238656687264,-0.4982552840324409,-0.1657974398450232
439,-0.8135968815302304,0.5338982805491569,0.1098772703671671
440,0.04333958605567795,-0.5731124558095032,-0.5973255234218036
441,-0.7128606163658566,0.653118155950029,-0.14417091960610467
442,0.21503988862044154,-0.9726626138881057,-0.5442421250410895
443,-0.5035379600219583,2.274293659123156,1.250492298541321
444,0.29485974585211716,-2.490911082378943,-0.9763870912326617
445,-0.4390918429767435,1.996140135960675,-0.28841715087669284
446,0.3803579352614994,-1.6502629190284976,-0.6957876007518806
447,-0.2022389083305593,1.442753533301356,-0.06081186068434423
448,0.6130939565635363,-1.2049460573894097,-0.47994319607125036
449,-0.74138003792594,1.0952651870000691,0.12983223364237964
450,0.7246799087628747,-1.1439525628097387,-0.690793252119471
451,-0.14230554375160376,1.2172441788437471,0.24964890753600066
452,0.7761045767124174,-1.8076602764314325,-0.40020009927680134
453,-0.1322924012075828,1.607629291137636,0.07732302203462064
454,0.3989233527209628,-1.1406423128009957,-0.4720896325889316
455,-0.19616962866364213,1.1991684371803388,0.03077403333878234
456,0.6740363989605895,-1.284772166991195,-0.4052016145457712
457,-0.3226637747767349,0.5629873602636712,0.015265327027253306
458,0.3265046222081587,-0.9326705818306824,-0.3607071568195803
459,-0.570939064093833,1.14734469640232,-0.4634355219228815
460,0.38819541266852126,-1.2489482247595414,-0.549668942459931
461,-0.5062201824623465,1.3217674331489577,-0.3520016708650816
462,0.29886041055113277,-1.3322301199801285,0.9199466943375243
463,-0.5480354850371376,1.2745995008021003,-0.22845881250452957
464,0.23320026466376456,-1.3013756814965172,-0.41303320586907016
465,0.628349101932473,1.2489141191848994,-0.11749683567847015
466,1.021443345109649,-1.4328780941944863,0.08675573857856304
467,0.23577879193614898,1.2616377502180982,0.1864507513682294
468,0.6699260761510573,-1.0020944810198773,0.7391038518951487
469,-0.14801711887328883,1.2267729156266998,0.09530537398020181
470,0.4345890518765746,-1.139433605989675,-0.47137448188509606
471,-0.029206912240663404,1.2989838127909727,0.07365954996450842
472,0.3647535689197564,-1.0361646297192684,-0.31906047902590917
473,-1.4522911535225478,0.9444833695267029,0.014378159068801737
474,-0.5515204955223271,-1.1492496969535086,-0.38925412650238544
475,-0.808969182397439,1.3671573017918859,-0.620987331852039
476,0.06360468583553096,-1.304652328087697,-0.6309388721948482
477,-0.6445335175919826,1.2575547170566617,-0.17716958538549493
478,0.30337292466287097,-1.2716676582540964,-0.3765421729838205
479,-0.4703728741356323,1.2453348488403801,-0.047445730818581944
480,0.3454263270716124,-1.2579687840863818,-0.5681495592695397
481,-0.490427282629052,1.2528728920958263,-0.3437421752439592
482,0.11343678868619612,-1.2899194555476348,-0.5644899475725804
483,-0.5770504004230812,1.1151151465041749,-0.18412454202252437
484,0.21818808115853416,-0.8728149147928865,-0.5805728188820403
485,-0.6285574617681702,1.0137318442119512,0.004387949229976365
486,0.232386827111697,-1.0887831158041705,-0.6036408803668983
487,-0.4507947795710725,1.1927468596723239,-0.12047484535371608
488,0.024358863201686565,-1.1682261453638694,-0.5490934414270642
489,-0.5197866693529641,0.7317138714427514,-0.19388188346362178
490,0.1818280051942197,-0.33736735433835774,-0.4831920292741885
491,-0.42231901548999595,0.6223283259542296,0.10291292867093378
492,0.530802149950492,-0.781596321722314,-0.7707100398521274
493,-0.039417783616593816,0.8027510851130397,0.4980756969935651
494,0.7443594826512927,-0.9099054143529901,-0.2808612240599319
495,-0.38502405033068965,0.579399107410868,0.27594163013900047
496,0.3243453866943686,-0.9454471547424718,-0.4101847835033974
497,-0.23477697312963372,1.299188285516762,-0.05086976980594407
498,0.3926334832211169,-1.2778297130486966,-0.4334978396731153
499,-0.5497871928375982,1.1580372903065943,-0.01336070903713666
500,0.15220732632832065,-1.085146482438274,-0.7238700482821963
501,-0.5471439237190443,0.826995322333372,-0.3050283963105014
502,0.2997690154773524,-0.9242480136420101,0.15984401783926622
503,-0.5088550928515639,1.1695016240123093,-0.2808541070527466
504,1.7063849062600434,-1.2301195144439308,-1.8438461641054262
505,1.1098923359817796,0.8120568857005425,0.6794230306411834
506,-0.15556150455443893,-0.7520127270718228,0.024647002120520733
507,0.8379654232091717,-0.13652636590768183,-0.4350195843116459
508,-0.2757387636091016,0.7301015122918472,0.4664968527830503
509,0.6380027834462407,-0.9600278410166733,-0.295119405028222
510,-0.37931980240326263,3.326912920936128,0.2228458335267335
511,1.2529118493727616,-2.4459662688833155,-1.0313992994136163
512,0.3460768359710612,1.9573914022815153,-0.6390530422128966
513,0.820803485491216,-1.54936758093854,-0.17688876961148825
514,0.46182064154609964,1.3146077608859725,0.11793684622688287
515,0.8866280430637005,-1.1708683553621602,0.5919131942571008
516,0.1658494621033691,1.1809885493634078,0.14886377159350567
517,0.2799076956995473,-1.0857416210197495,-0.19305657327470463
518,-0.5250526846761361,1.0021726964681033,0.004655060000595734
519,0.04856933928559394,-0.8853531369179717,-0.5477654375075567
520,-0.1670138558891821,1.4406424943995777,-0.1238611914737919
521,-0.18772763910187684,-1.2289183452597314,-0.5527481329496986
522,-0.34246472514975473,0.7700472499420284,-0.3559768505078815
523,-0.06247360420382813,-0.5052604504317852,-0.21498939898316563
524,-0.13441915214745487,0.40044068283025824,-0.13359313695286462
525,-0.02170850041970722,-0.36233091635636994,-0.16249919033970647
526,-0.8746234767735412,0.1998876471180794,0.14618250985399234
527,-0.06435091171186702,-0.7027610948144343,-1.8196251776694798
528,-0.664453430189504,0.8735062045135616,-0.03219168573191878
529,0.14888261492758043,-0.9723348750023739,-0.5578768497939045
530,-0.4777792807803387,0.9960373192815272,-0.07419030179216346
531,0.2029910934007657,-1.0225504433907844,-0.5111355419287099
532,0.0670366231308252,1.0432921459159883,-0.06265712786997468
533,0.6518285912064894,-1.073635190993589,0.08276138137827824
534,-0.01997344813552243,1.0805453053500562,0.1873889110373027
535,0.568661450855094,-1.078231676540025,-0.28547849159293126
536,-0.08693558193138633,1.079410928063049,0.11794511881878553
537,0.5413757692212382,-1.0611937250993466,0.2828618110002987
538,-0.23050293633409566,1.0784654227266293,-0.3128870938302172
539,0.4208571395235153,-1.0770303773127838,-0.5026262380171799
540,0.5500859433765231,1.008824313720086,0.057288791425432944
541,0.9174451668096617,-0.9180978533573639,-0.5574354110558725
542,0.1670113458332543,0.8314076510659654,0.33988349138842694
543,0.5908443891211834,-0.8314784940090905,-0.16339902725035124
544,0.45882545715178813,1.1034938172555633,-0.7901054405382557
545,0.4810862247495837,-0.6773825178662791,0.23194516386828046
546,-0.12506590876926804,0.46144449688486705,0.08922367385271032
547,0.584346244142761,-0.6161539841577109,-0.13437703144916407
548,0.040226307629654616,0.6370534124590678,0.23234349980878877
549,0.46339083169571943,-0.5061985041200947,-0.1496304813885736
550,-0.18407288235641472,0.5557017897143529,-0.05992628153746998
551,0.03052297150617267,-0.7640499658773503,-0.25655726317172795
552,-0.5430970076294612,0.8705872853309218,-0.13171145455339325
553,0.15087211751344728,-0.375984918922326,-0.28178504165781987
554,-0.47390252564834456,0.6548387005015147,0.00723031794790667
555,0.005519202420720126,-0.8502548495354039,0.08138174514757435
556,-0.4077940542932916,0.9216139530734528,-0.20428540200407252
557,0.40158267427311495,-1.1704296170434108,-0.3143639460545235
558,-0.26133780736567347,1.2275256159717962,0.003915761203064507
559,0.5398348789224932,-1.3076868984549754,0.7790240594876702
560,-0.3012008880777455,1.3072227094300017,-0.8146891210541898
561,-0.5649115821383179,-1.3161194247034285,-0.4019348283196902
562,-1.1205280095466355,1.3052773680199745,-0.5824300816695599
563,0.2122513631871037,-1.4544768008064501,-0.8528326809880357
564,-0.5498784279773177,1.3940485521174073,-0.11421271732890911
565,1.1382239970427692,-1.1660319381720339,-0.6363399915181164
566,0.18654453001224816,1.3342023941714036,0.3856761586220614
567,0.7303638719304621,-1.2810034565644701,-0.6268794043040464
568,0.012821407872165243,1.0560149992572716,0.19036070726150203
569,0.5849212544417192,-1.0584419669947502,-0.03043459992934089
570,-0.11862156005978529,1.0317351658114713,0.8714446753810076
571,0.37261304409378465,-0.9196301044761168,-0.46146226874480506
572,-0.20542708212571056,0.9766003319822985,-0.7744253982933379
573,0.30732475130567083,-0.9552092447542422,-0.11459424773393548
574,-0.03880923862110255,0.8876979386556251,-0.054511737951076625
575,0.40388951355497643,0.5026966472005032,-0.22440824014695174
576,-0.8864347344832337,0.05188187983228115,0.37173928267406087
577,-0.2378135266516005,-0.3512693042845346,-0.5348752929006033
578,-0.6643972941212161,0.4742100679008226,0.4836058415241677
579,0.03359612087292427,-0.6149915391410641,-0.6408643609566071
580,-0.8325813503408273,0.7007369810084162,-0.08028995716463913
581,-0.15123504182046155,-0.49453316972127376,-0.6153580930368373
582,-0.3496134284789119,0.6292367981671437,-0.13740772116589095
583,-0.42225179921924266,-0.47051885503570606,-0.30826873236480123
584,-0.09181987385889379,0.2061899386364388,-0.2938459164055543
585,-0.2894800191200551,0.04731719910684703,-0.09136444827289315
586,-0.1954971168317579,-0.13875440597327376,-0.0034249537203418223
587,-0.37403611962842775,0.3782199078340951,-0.15237730665942642
588,-0.08042269720896585,-0.319860625608999,-0.26451568798805436
589,0.9439098846672915,0.31792696695005723,-0.08408067337039554
590,1.0783121516814256,-0.20770857268918802,0.39946873456786014
591,0.7438132714195897,0.17728803386021874,0.47511434698836397
592,0.7995612428199881,-0.11850214386591554,-0.3007978377847718
593,0.7690618186775308,-0.0586051359089621,0.45153289055731255
594,0.4252542981446889,0.23162089665726868,-0.010834832917727466
595,0.3524141136527885,0.04471901705466522,0.2033916106986995
596,-0.3332071149586936,-0.02448423443050636,0.18226726194941242
597,-0.0365207502916001,-0.0024228331588906395,-0.4605924467742254
598,-0.1896016035971137,0.15550941630129678,0.08729591634785859
599,0.1173989344154139,-0.33658379927314336,0.29766552893314735
600,-0.10122582266817023,0.3876005349983543,1.367350384112069
601,0.7339384967821893,-0.3520023451943452,-0.3020714899619032
602,0.2603983199766407,0.5910206219787858,0.37086592137910107
603,0.13714187671290268,-0.5757030439475493,-0.018560271752923775
604,-0.11518402253646261,0.48087558619454507,-0.021224984069024098
605,0.26967833146633224,-0.5414407656146607,-0.6139856334824433
606,-0.015524829250419231,0.5718651905786089,0.10460934336495113
607,-0.6716558484500841,-0.5864044555377657,-0.7690179814776377
608,-0.6759638833753902,0.5701010845766915,-0.33009507076856637
609,-0.2730261745512817,-0.47224117420645195,-0.4246491013352275
610,-0.5603187156640361,1.582843434466947,-0.23358876550533225
611,-0.11098017294190281,-1.1473582379939724,-0.47672797069658146
612,-0.38242682435674774,0.8681305188690266,-0.26377941435316155
613,0.17837488261804715,-0.7048800263579964,-0.3702305280723201
614,-0.17848364319349033,0.8867318582961499,-0.2710498680901652
615,0.47413601324000487,-0.5862942510483057,-0.2926474754719281
616,-0.318171116990328,0.6445548556294676,0.1789231697052216
617,0.6181592704996096,-0.7524975464555441,-0.3649650951783696
618,-0.5115420956105727,0.7810639544240684,0.7130881340506585
619,0.48974711975231994,-0.8439188808925168,-0.6248911100304426
620,-0.4969648578057686,2.979669645063032,1.1617022467032714
621,0.49791606261840726,-2.323338353062621,-1.1572048730783426
622,-0.666923069262152,1.725209531148055,0.12289625815462477
623,0.3564140936282112,-1.4105387131544036,-0.7866995183369169
624,-0.6108672427925942,1.1294994727465957,-0.032485887904397
625,0.4129822856018997,-1.1687117772442472,-0.617727243215725
626,-0.6037866500123334,1.1282166767748087,0.06096163992419039
627,0.42560203583180317,-1.528635850872947,-0.35193906282702714
628,0.23144249092962865,1.257244671924323,-0.34735572521467356
629,0.9695578523566178,-1.133864782710974,-0.10302446751221832
630,-0.11977547719081537,1.0466478647444608,0.259951300234621
631,-0.5077397485130528,-0.8897377956559671,-0.34759819069824693
632,-0.5269411321803834,0.47067701431591447,-0.8914964625254095
633,-0.20850369126093504,-0.3955407410496626,-0.3335033849608442
634,0.0691548502404733,0.23858000465046317,-0.2708756034126259
635,0.23477373141859778,-0.27406398143761324,-0.10407600280718818
636,-0.01252216331422609,0.4093183466142676,1.4442539939305579
637,0.2536122986454357,-0.31968827813369904,-0.40176116135956846
638,-0.005727651136894203,0.3076543944777126,0.030036386777858692
639,0.20431909500607234,-0.31293305547618666,-0.0740637190413383
640,0.10146474839170766,-0.026977325872591496,0.026970525580269307
641,0.2932129967192187,-0.011475577268937278,0.05381518308164383
642,0.3856056326293529,0.1762372630404281,0.15337014729890355
643,-0.012295460845218953,0.04980630608493536,0.19514249574323125
644,0.41495885856338255,-0.2862380779740989,-0.05669148265767255
645,-0.2434411429181111,0.8713376425962023,0.12344794936407215
646,0.44801411000197433,-0.9860468985586742,-0.20659276160979173
647,-0.2913431769789291,1.0222741697307531,0.06169171918974949
648,0.4970424097711474,-1.0486145480971456,-0.4790800567233242
649,0.062238034445740616,1.4191414874163883,0.08050089495160133
650,0.3356430221326651,-1.0179360764313166,-0.3047226010231668
651,-0.842456727147031,0.9487589868501948,-0.07227058543482962
652,-0.35495748422358514,-0.8356240595365773,-0.6344087314369815
653,-0.5289921306456812,0.5919143663851729,-0.33968823939818293
654,-0.17815641781667688,-0.502203515869024,-0.4217245884115963
655,-0.9651479806104648,0.7915047089845693,-0.18416327860912296
656,-0.6445786140155326,-0.5085540761431825,-0.4651524570868228
657,-0.1703731469058456,0.6385150900227472,-0.4478908378038094
658,-0.4350469831546545,-0.23333492995526478,1.7688936293822317
659,-0.17047911870073523,-0.06953425471609416,-0.2941226220942633
660,-0.3069318673575449,0.1505218241674223,-0.031051780332897003
661,0.07094607658716592,-0.2987652298463143,-0.21911754006284925
662,-0.17089835480715732,0.3303453398559651,-0.024552474435490235
663,-0.2871546119800935,-1.6168068857544482,-0.19569539698289284
664,-0.03305903965952556,0.7227156450901937,-0.5328089815254984
665,-0.27471258824231326,0.09356873420236855,-0.3827889128590574
666,0.5331444664681445,-0.23432699761914602,-0.16632984789050018
667,-0.22148971046692084,0.7204211951150239,0.27868283404092464
668,2.397202555887369,-0.9844787065865125,-0.37478883252864315
669,2.6233910025921814,1.1069312040194204,0.7269750646147871
670,2.7651170025419334,-1.1121945319357551,0.012348270624796681
671,1.49763251317485,1.0612457938981372,-0.035425183803696816
672,1.9306456272009516,-1.104151743699404,0.37886092644970215
673,0.5879097086798288,0.6672448592544966,-0.6392831994381978
674,1.2784245583022058,-0.7413126248741986,0.05550231193024224
675,0.20814873445147553,0.9209254729534639,0.4207905668454349
676,0.9265858130865696,-1.2521150607124958,-0.1323329263055775
677,-0.1770320075025677,1.2463457571272607,0.2167767494193989
678,0.7074530046179942,-1.2498194094107755,-0.7465324872687812
679,-1.1531367005596407,1.1110556697389262,-0.18948598091888263
680,-0.06649304238931687,-0.6067533372572594,-0.8141594226554784
681,-0.9011153509921043,0.7939366727863741,-0.0719490557285963
682,-0.11946256077191764,-0.5177455532689222,-0.6969820739429411
683,-0.9707756928347333,0.42110881875304995,-0.11917870955196581
684,0.12739193750973218,-0.4007134937278953,-0.7242462825622904
685,-0.7673031125151434,0.42090685237440606,0.06310935008745472
686,0.7334494069984714,-0.5282206573822368,-0.5332976398233354
687,-0.38314193187110884,0.6939545729961633,0.3558101285530149
688,0.7567289197713176,-0.7610657699457578,-0.413565352262541
689,-0.34233380997318036,0.8291903081369479,0.40567957438344604
690,0.7927471900721187,-0.9194214732198537,-0.4773452496398792
691,-0.34613291632844895,0.9446087957588707,0.22405255230194449
692,0.28959107418624425,-1.0420159145550132,-0.48168410578879867
693,-0.6522267842982942,1.2438918731611073,0.0158107257197231
694,0.38447462619326817,-0.3003471745079247,-0.26378581371449494
695,-0.43507632211429564,-0.28022913725316145,0.20649974528055562
696,0.5590647667074193,0.657878660980366,-0.3504724772493434
697,-0.45124806946526985,-0.846301271914743,1.0485528898152907
698,0.5298732338122345,0.9307249015332631,-0.4979868989914754
699,-0.4626149057956905,-0.7695073226550858,0.151362433642887
700,0.5195477213041327,0.7441178774194788,-0.7828659775886939
701,-0.480963882503271,-0.5616632830563321,0.366254609519023
702,0.50842868175969,0.6439022566426684,-0.13379400013816922
703,-0.508963568388031,-0.3659156145201032,0.1497448308641959
704,0.488413894622801,0.20222197797340227,-0.4037531118366622
705,-0.5272377933803238,0.261799437660464,0.28887400542609293
706,0.7040597555306478,-0.32112315877667535,-0.4015778254701514
707,-0.13033424318602632,0.16136339848410297,0.4181713930849621
708,0.839187921148905,-0.09487603441708574,-0.16425426817766225
709,-0.24213510086420661,-0.12436600517012525,0.6088198843343261
710,0.6824705987091674,-0.016304042556638157,-0.12801661457232028
711,-0.35735212471765965,0.8963343349329714,0.39945249252824067
712,-0.22277555801796556,-0.7017278693729987,-0.17431768974441814
713,-1.0317671769315584,0.6000944750848286,-0.2826624733503195
714,-0.03902408342634106,-0.6112114494735409,-0.5849484997239569
715,-0.8803451558810566,0.8026864788707362,-0.10461088829025506
716,0.2007883463819235,-0.8536978584864715,-0.6022339400873213
717,-0.33130330902279115,0.8922401248512195,-0.04427164785770462
718,1.2277287570223818,-0.7738090870196453,-0.4233921341392544
719,0.05167837761364907,0.8493422744654084,1.010047045130335
720,0.8852071646950124,-0.8787762136263356,-0.41905320764403053
721,-0.1913808290979411,0.9818420917035039,0.639090141077041
722,0.6747603161490591,-0.96502013122862,-0.4067839869353981
723,-0.3710041141040529,0.9413522677713727,0.14740051140614988
724,0.804958561363657,-0.9928571730822546,-0.5199819199527067
725,-0.2259972419644746,0.7966702897344062,0.2732849105292939
726,0.6743284351834753,-0.8585032804876561,-0.35679128858685993
727,-0.35652691671018855,1.221603086987046,0.22672018367109997
728,0.5760578785430382,-1.1966755347962692,-0.5167614874556834
729,-2.6797999116816817,1.2161263132706557,0.3115097327954072
730,-1.1084885964767222,-1.0020928230293404,-0.48058667196734906
731,-1.660448739873901,0.4053103227597492,-0.7363307658211972
732,-0.34657744842541655,-0.6463717684469052,-0.619838498677185
733,-0.5726194648948743,-0.15046219619304624,-0.2850176738337692
734,0.34201558253850595,-0.3275006933462771,-0.4062276477072526
735,-0.5873644839625672,0.6180220170009195,0.1470027475529254
736,1.0466735382626637,-0.7899309241151322,-0.5049689850177457
737,-0.07469662841254793,0.9498384970043724,0.415071069005865
738,0.7917521352499105,-1.0313355718522486,-0.3202242717867654
739,-0.3365761736395905,1.0204174120261527,0.24955216592092616
740,1.114653135396659,-0.7790854972025316,-0.45274886973785383
741,-0.0367749470214789,0.26564601717451425,0.43354410730793047
742,1.0765911425320427,0.007716535786846654,-0.13176704307259882
743,-0.3176449768130093,-0.10932438559897995,0.5036336806465594
744,0.5601133754754266,0.4607703694705346,-0.3500971947515586
745,-0.6735808534956145,-0.30160526763580514,0.25967712984899766
746,0.6179806589400186,0.02401308448406772,-0.5748696630172635
747,-0.4283014085182968,-0.001240495063571036,0.41766506807302217
748,0.5470120670537789,0.022166836298311992,-0.29500740338474507
749,-0.45388857301603414,0.009585114110888492,0.3510563509201429
750,0.4532067011416755,-0.284663495014945,-0.19336096875020792
751,-0.5242816331490826,0.2664989269528485,0.23610876616264345
752,0.4721710043330008,-0.3846468060584776,-0.3932657933161014
753,-0.14472441002199365,0.3268060610293462,0.18676760472470444
754,1.0699522395371397,-0.4089619767880346,0.05803093213740504
755,-0.0783505145291546,0.23254505414002735,0.6252026271134536
756,-0.501501798099673,0.22150215901733852,-0.16996864200111458
757,-1.2320137538992582,-0.12830945536107422,-0.2765045902797546
758,-0.008017086709173865,0.04426551834717092,-0.3520861751323524
759,-0.5118664187089597,0.09615549896307002,0.025215195398681188
760,0.4412077929176496,-0.38687498697050315,-0.2602247436907677
761,-0.3061161772809985,0.6392203321989216,0.5651237590663012
762,0.6693643439851975,-0.7721708033682863,0.17670373936254918
763,-0.36019289505516977,4.723794412899419,-1.0663998284003475
764,0.6183516047153608,-2.925785139859764,-1.202113591329689
765,-0.39912489206413715,2.065746736994094,-0.1920952105516459
766,0.5615199842610907,-1.6278916502941372,-0.587665508103137
767,-0.44268059145603367,1.37000111873619,0.01845357494063561
768,1.9851729092903625,-0.9066887392357397,-0.5995360905682893
769,0.6770773802731557,1.0076020951383178,0.4209654278941143
770,1.4391399717293412,-1.0969670637356677,0.15467034432449744
771,0.2284578503689859,0.06019946553717159,0.6466729887682492
772,1.0135734227070772,-0.6270641742206877,0.08560586447561248
773,-0.09008452179380222,0.9133851987059327,0.24963955384328995
774,1.0434371563938007,-0.9513526889513566,-0.31203802873777525
775,-0.38061405739819826,1.0617444255896997,0.3493855976307165
776,0.8076505432656164,-1.15418977721989,-0.4931453816433469
777,0.19277880352373572,1.2415052810123417,0.26179851668388665
778,0.9912579024650187,-1.2361934904696297,-0.3172407048102221
779,-0.11191205471140916,1.2612756060724077,0.3695460603728692
780,0.7569351531346956,-1.0950195642278653,-0.393795866757005
781,-0.2297562805129976,1.343331977379978,0.39234857769433257
782,0.8301813187476366,-1.441537491528494,-0.49069766406585336
783,-0.5502985589148153,1.3645558848717843,0.17561385160081286
784,-0.07343222976507652,-1.3755090731929087,-0.6641336845046598
785,-0.8288516784050177,1.3846547006414327,-0.293749058541755
786,0.21319529980484994,-1.6460333612403621,-0.7929227465806953
787,-0.6505573356273062,1.4853771771655286,-0.16481139199066128
788,2.413379640585431,-1.4434255873309307,-0.7495441806854158
789,0.9676523544212019,1.4918530581498963,0.25019594793386746
790,1.4840716652873052,-1.4574599561563464,0.13889883416507112
791,0.5471512502304645,1.4393369965237288,0.26410299518734354
792,0.701521436412869,-2.0479212611339697,0.2570925912539119
793,-0.23342532926080112,1.822948329745718,-0.08614821818631288
794,0.5726537271436021,-1.458783340932451,-0.5609177563899744
795,-0.3307960649565187,1.434527746291687,0.05375227212105507
796,0.4834156570770196,-1.4138787977765537,0.745387545884212
797,-0.44587856525129343,1.3851316959582929,-0.12696128141952226
798,0.4749205163449496,-1.7239628281185129,-0.3294319053631981
799,-0.09004365791276786,1.5107512317414742,0.30669167633554784
800,-3.861593529317826,-1.5080052299070899,-0.48953012780440314
801,-3.439656158866098,1.323556921995154,0.22441167957391567
802,-1.9707479484575436,-1.3011014850952125,-0.19247015444505433
803,-2.1089951852668625,1.2131183939629517,-0.8405424716986376
804,-0.969072261761183,-1.2051391760090955,-0.7247675637328926
805,-1.34338023957144,1.178626546004184,-0.6601823980707628
806,-0.3671520095093014,-1.0110411344540675,-0.7958470647469279
807,-0.8508808384262573,1.082283925973049,-0.3749940044083697
808,-0.22692961440890333,-0.6271268016050582,-0.6806488401759316
809,-0.7507739518092309,0.8085100858352764,-0.21339386670167423
810,0.5286295062811406,-0.9051286560661125,-0.5828001198390198
811,0.030896559815056082,0.9192419846069967,0.17391984794718132
812,0.3669864232981129,-1.0893013904323265,-0.7015142434044668
813,-0.5863355206144366,0.7648402018421246,-0.0699628951377627
814,0.7167973852898096,-0.7938452830411424,-0.13069606886408708
815,-0.3249286587455856,0.7972585920093394,0.215262560669872
816,0.6141651043579541,-1.1836079835917959,-0.5043610075616711
817,-0.27538236016358125,1.104401006753952,0.036337644501393096
818,0.6437050851713502,-1.0712332764263024,-0.5291222547760459
819,-0.8902803544343447,1.065226580278125,0.18083869673038103
820,0.20499462679027472,-0.42738307053494495,-0.7925140931152947
821,-0.9138492247648903,1.099880905549798,0.09588029301713825
822,-0.05550656347962868,-1.1356499270525306,0.6015971307014046
823,-1.2987150317641905,1.164125433598644,-0.1601223738836238
824,-0.17447735553882276,-1.017384001760908,-0.8496482680795858
825,-0.9317682736567815,0.996302200803652,0.8099587943558707
826,0.14807011832842043,-0.9903626455838505,-0.8209454710218479
827,0.4018229714990683,1.1670142814597246,-0.03313612299367921
828,1.1708697895301674,-1.00820927977252,0.18819803500583512
829,0.0060754430135115355,0.9389974694835177,0.23020745271401805
830,0.8150127437431848,-1.0100851117291811,0.5309682649872807
831,2.699786355657846,0.9994990128821586,0.15897186624608503
832,2.857933659718463,-1.2865942497522336,0.6473931743345124
833,1.2320871906307718,1.2790978729140907,-0.28289108463045004
834,1.7504721722912748,-1.0407818207612736,0.3197434883718668
835,-0.7039946615021444,1.0738649089210652,0.09097632763654823
836,0.32325151273297814,-1.1891229508231307,-0.6636422486274067
837,-0.5952274429891014,1.253698494061164,-0.002072193226689327
838,0.31784699026077035,-1.305941275977242,-0.644963503844163
839,-0.5838363861124928,3.1357433895482565,-0.04049681207690932
840,0.4834041941071696,-2.383164253744681,-0.8736475064494629
841,-0.3870121830180809,2.1205215280484433,-0.17203027593654244
842,0.5694515249863471,-1.0483386480162182,-0.7121527921572919
843,-0.6137784032111641,0.8442888259837091,0.15093786032454476
844,0.5066551365766803,-0.516720333154684,-0.14498282613965152
845,-0.4827152829756506,0.808057283477555,0.19679310482799028
846,0.33096504063467347,-0.7506972220222322,-0.499444235531452
847,-0.5902976611558818,0.3909597418335445,0.08121772364486946
848,0.4064210930356182,-0.5457730912138885,-0.42802096952937163
849,-0.48824062853335903,0.6232306632995935,0.16515987781181193
850,0.4860821872199366,-0.9233763706395992,-0.43083702434769544
851,0.0556043017188349,0.8222258287985105,0.11768303819830762
852,0.8954120416630943,-0.8403694033803549,-0.17304167686926628
853,-0.19122271969749596,0.8791159244573831,0.30791168539243075
854,0.49970127881231163,-1.0163810840268765,-0.6645726257875094
855,-0.3359109964906155,1.1516339619508775,0.24228360988394465
856,0.4519415279384288,-1.2212752710625379,-0.4802467367626323
857,-0.04788585970739828,1.3663259330320592,0.0386524456796953
858,0.6765910502267496,-1.405366996652955,-0.3949990976997969
859,-0.25206328376978904,1.3720325980137171,0.03624916585123997
860,0.6424931671447844,-1.7552041581902957,-0.49691367871705
861,-0.007294807394045949,1.986378094011203,0.016730667598004685
862,0.7706768427590107,-0.9931679668616419,-0.5194448481721174
863,-0.6851200692293468,0.7461468467409229,0.5389558437730197
864,0.12953800111941563,-1.0958432979256736,-0.4954003517834501
865,-0.5891767243549573,1.1510321787915438,-0.1005051711561665
866,0.2259955190482585,-0.9347161058472588,-0.6041941686242608
867,-0.4921832178199663,0.9098266400804031,-0.013205068036066562
868,0.716554065351396,-0.8564324177323843,-0.6377699550827874
869,-0.4264311462227781,0.6522311896576614,0.20418912644985632
870,0.5238672298820544,-0.8942963414195035,-0.36037774942303097
871,-0.4482756433270739,0.5483034458308085,0.5715243508519352
872,0.29578710063222763,-0.8306614672381156,-0.45947315494518093
873,-0.6164893001502982,0.9502625088945257,0.04048405034301263
874,0.2676322610322944,-0.9197924913878467,-0.5866366160107396
875,-0.650950372415151,0.613524826648647,0.909919529215584
876,0.3685597047456723,-0.46428588917646496,-0.6372555656512682
877,-0.530464697265352,0.49797590985098017,0.2552085906960605
878,0.43883744460496366,-0.8831581854802237,-0.4454079784048593
879,-0.5041681671450148,0.664349336237053,0.34492059024933697
880,0.4557688296435327,-0.9754942256092454,-0.5123463026485019
881,-0.2354546854093011,1.1479511291556135,0.1016047829723399
882,1.0367285658796705,-1.2891705501905208,-0.4700228079548369
883,-0.011332504563658079,1.480808302481528,0.2713371134733114
884,0.7939219225734918,-1.4600924811695057,-0.2942382582563784
885,-0.2152858865272885,1.36829338225394,0.15391971088342932
886,0.6620821598022982,-1.9073313617920356,-0.9286601823528933
887,-0.30258417872922877,1.6436691406720687,0.2212763971091492
888,0.5654335468583475,-1.4888972926985031,-0.5940048644035403
889,-0.466324530213736,1.163031774675754,-0.014734080020971388
890,0.42645920710149793,-1.305417384603306,-0.5498013066816201
891,-0.3189293476458434,1.4003785043887285,-0.31085102398415454
892,0.3841677998346614,-1.3674812216337429,-0.4175791347530543
893,-0.35395397008798546,1.3570148233259465,0.06826474190372651
894,0.5058158693554652,-1.477232741294777,-0.5123489336771861
895,-0.2844932848692166,1.3841380773206053,0.011107004569591917
896,0.5613463571787322,-1.3892076432814322,-0.49705349249536124
897,-0.35175466087867524,1.3921404154772434,0.06074850490434221
898,0.21616700673618955,-1.4024239055096477,-0.41857553336079023
899,-0.5227157013989396,1.139093308302546,0.25292376764498903
900,0.4013699235312838,-1.2112192384216744,-0.6091580261626237
901,-0.5168440939188258,1.462650620428677,0.031400221793429835
902,0.057456148070295865,-1.809608473676629,-0.6520936182048764
903,-0.7091243505746121,1.5598643911487087,-0.28225650698882254
904,0.22241312985460904,-1.6922412614142446,-1.2486467158320882
905,-0.4099684420197264,1.5593663668619075,-0.12257059461671951
906,1.0238575974472832,-1.4798448552735726,-0.5030017850572797
907,-0.01801786972539433,1.39940282643133,-1.5851292787381444
908,1.0762393655825833,-1.251484272268793,-0.15498094528510495
909,0.11642608740893547,1.7135671324792705,-2.1784831451869433
910,0.2909642125522244,-1.710995827269078,-0.09275238366064148
911,-0.14460550376971673,1.1792750399068999,-0.2708179966121405
912,-0.026561509332323374,-0.6243433906354943,0.12260630928578736
913,-1.0088356535394523,0.6169893882265084,-0.17527105855677044
914,-0.7375266497463122,-0.9490243813684074,-0.6517593909748287
915,-0.6736071867257023,0.8011506091217641,-0.34391557222993785
916,-0.06664113109488373,-0.7825404156504612,-0.5561819732925197
917,-0.5319042580572257,0.6332816426374114,-0.05118962976692289
918,0.13168873651377205,-0.5905227795807573,-0.4307257132038926
919,-0.30076874389733327,0.7808818979169747,0.04782640709772571
920,0.3907633122338436,-0.8180212003860066,-0.3797930207255834
921,-0.4681847901205166,0.9464548087786244,0.06481682092111843
922,-0.028319798223834156,-1.0232157002709399,-0.5092755057720392
923,-0.294290325296766,0.8076488965623996,-0.3780394458170841
924,-0.010468617273659012,-0.6617405009668162,-1.8599262306648658
925,-0.2582535629275197,0.594609570575641,0.030970972691831272
926,0.08650083299395103,-0.5943998961458817,-0.320924948878449
927,-0.3384597273936476,0.5350488923373838,-0.05013919084535493
928,0.0795578259155845,-0.5076788854504285,-0.33481881046367135
929,-0.09740290116482805,0.7724658323373136,-0.029130339338087716
930,0.2858584072620926,-0.7787579018357953,-0.22355094178672175
931,-0.100038705358097,0.7055093544584351,-0.09069716193131067
932,0.27518307638655304,-0.5932533986443713,0.03816503500344626
933,-0.10004894254848656,0.6168344234996811,0.1274115883678659
934,0.2962105751775072,-0.5079894097208688,0.03519514247728864
935,0.694101721629494,0.8443687053670094,0.05879516566647511
936,0.00793273158907562,-0.1865961540390206,0.19440014770259412
937,0.3722668881594347,-0.5317332426581999,-0.059783415481890534
938,-0.09872303906977868,0.5551602488118679,0.15505035289589458
939,0.283161441942242,-0.636990142596171,-0.20853931324503022
940,0.07123928264253646,0.6121728135788278,-0.8286995632058725
941,0.5402615777221547,-0.36605594905811806,0.021472993896206122
942,0.10421816764562206,0.5676925364105114,0.21898034218765455
943,0.06355501099241286,-0.6827716762530259,-0.09128869891821265
944,-1.1207390290658328,0.37459746849520115,-0.4688719735540287
945,-0.3241887127932429,-0.5560140281777,-0.6000532654898637
946,-0.6915227744721971,0.6375875007991344,0.7809929130733656
947,-0.07427002633376154,-0.7833703720987419,-0.6545593508803372
948,-0.5460207394233672,0.31032045505613165,-0.03735108403125212
949,-0.010954525933026184,2.861535903204363,0.05580913947981403
950,-0.5457630599284731,-1.308363567256152,-0.6773692519463722
951,-0.10631729992005015,0.11913900562019325,-0.554962664252183
952,-0.4823298548497891,0.3582524539750837,-0.03509990742474167
953,0.2913348881262804,-0.5548646526250248,-0.45996561537021907
954,-0.1556889313865306,0.37479655396818606,-0.072025438965193
955,-0.9797933953767363,-0.4893482498639588,-0.2579201951850368
956,0.02829064324851194,-0.22492842621647968,-0.2880469676272261
957,-0.6842931736259069,0.7361638710215468,-0.004298288923026858
958,0.22564127888851734,-1.0798147373574742,-0.5646719635216095
959,-0.24943666813036247,1.3252374667623026,-0.10011013947544983
960,0.3406577207981662,-1.3794768486088054,0.35427502571830805
961,0.3457660701611056,1.386580991744513,-0.6462302451634071
962,0.9335355563790623,-1.230006309439079,-0.042796800829215824
963,0.20687620065692777,1.0941847132003877,0.21877796793224674
964,0.6301718014545267,-0.9770104608252588,-0.1519040708818461
965,-0.006846525550174985,0.9261627901469888,0.12951358787008518
966,0.46004961176099335,-1.0268540026038866,-0.2532102984336119
967,-0.14897582267601436,1.3459411404899642,0.049625928183643524
968,0.3174282322526874,-1.320700518926137,-0.4127140721848447
969,-0.2605946470830637,1.0665955163751337,-0.1226628274532458
970,-1.0435605755982125,-0.8940088155108232,-1.2480340720639675
971,0.030694350723044925,0.2944286336568599,-0.6110551281092654
972,-0.8322403385982704,0.24976206219739122,0.15249587127540426
973,0.24399061020021842,-0.34572019685220823,-0.4672967152851539
974,-0.6691400954762388,0.6609666596797232,0.17432665383455012
975,0.36415476853429285,-0.7966784109156593,-0.48203547534322005
976,-0.578819806654191,0.8824044949531569,-0.13523647730616883
977,0.3973998550681933,-0.49337085225701155,-0.5321777429376032
978,-0.5442968265574857,0.5555410598081354,0.3743719209661156
979,0.44835489485506613,-0.8055742663653567,-0.49314638223797397
980,-0.5823097357810609,0.9859486381126659,0.1352691317280021
981,0.5089714532431671,-1.0935550998315335,-0.9383799437506577
982,-0.4734355936088954,1.110342704793225,0.155249241198447
983,0.5268510968646312,-0.8851914319917081,-0.5413001240791144
984,-0.6235339878695767,-0.5020885300029887,-0.2730610616118907
985,0.3555584051695837,-0.20457152681663712,-0.5166488157299988
986,-0.5830373667586002,0.7090738219959116,0.22487973609053846
987,0.4028391316874983,-0.9696257788973336,-0.5334666628037564
988,0.20322561757189728,1.613714574662728,0.12144440674793679
989,0.9855854127904793,-1.4626954701166068,-0.39356135043754437
990,-0.10745044600465983,1.361473839222148,0.219774453554334
991,0.7843031778166976,-1.3331950703110618,-0.4578400630375923
992,-0.31253454513495377,0.6599767900483837,0.15904622279814637
993,0.6439844873022107,-1.0906969061649505,-1.0882182329041554
994,-0.5390831516251302,1.01618020223121,0.23863168444900154
995,0.27808477583531876,-1.1911627028869427,-0.5682391194052226
996,-0.5928569605825608,1.2456295088669844,-0.04569135037366422
997,0.17138388646452338,-1.3422208259864323,-0.6342036859594967
998,-0.8189640913006832,1.3606211051907764,0.5728671892194471
999,0.21075218452392333,-1.4757875121753412,-0.8354598868350303
