,V1,V2,V3,V4
0,0.5343998627462113,0.24547313520413763,0.554110402076421,0.5275266103173839
1,0.5291903296156845,0.2344738716642989,0.5115904269194594,0.5402673126709696
2,0.44312474537936913,0.273348955096375,0.5974997067172597,0.49305666799377984
3,0.5116382788841193,0.21625801803917863,0.48226169309435124,0.47498924931043623
4,0.5321783619275955,0.2505586004937227,0.6261964932808908,0.5995003110186363
5,0.5312686772724603,0.25402708367488464,0.5656729725350879,0.43411766541483093
6,0.49733216386376417,0.2538126906204874,0.5922193333395731,0.5404796785518006
7,0.5305948784427055,0.29160122412309264,0.5793252826700073,0.5215600199896228
8,0.5302233623145739,0.24363651059730532,0.5321559350972969,0.4786681254535341
9,0.531862169600149,0.2558089099739636,0.5490074577555719,0.45588535979698913
10,0.5312229199296015,0.25233782404363586,0.5992417557359888,0.5204652204342184
11,0.49651308488261064,0.21663180039883193,0.5855676818432903,0.5325474949085273
12,0.5262482989570343,0.2712857937018102,0.5842923658353252,0.5870709029581151
13,0.5247262871374612,0.23911911749097917,0.5262464004044832,0.6520152820009635
14,0.6102578687870744,0.2565959561809716,0.5865265860085968,0.5587291919882914
15,0.5500394764536276,0.21441968797445257,0.5870740516858268,0.5347849083039504
16,0.5330556700856535,0.253235120989507,0.5934757751175815,0.561438575509551
17,0.5098463618277261,0.1504793399191913,0.5686710308647017,0.5396492498185999
18,0.5272376936605334,0.2760861985278161,0.6000898990338018,0.6528400158975355
19,0.5298414652969934,0.3540841151760005,0.5835560090274863,0.5076516348242172
20,0.4915321862433795,0.2838245554506815,0.5702861887775846,0.4149128850193372
21,0.7646646096402263,0.23236831905539665,0.5134802984655326,0.4644762038919953
22,0.5654670378999583,0.2018344836201252,0.6632700204185509,0.5592016472328971
23,0.6411654400020926,0.2513858130057533,0.6479876345992858,0.698585111182116
24,0.5161451543934688,0.19926666317752365,0.5557089479213599,0.5041018639047644
25,0.6237507948816258,0.28014458488573213,0.6139511191728235,0.6030966883892593
26,0.48866131492777715,0.2094263894413367,0.5786508564052394,0.5063685843973077
27,0.5181340113993086,0.34820069533963316,0.5382913019223935,0.5362173872922913
28,0.5319207800434915,0.2507266306344783,0.6020086654481906,0.5876927633723117
29,0.5304326288670568,0.2399394550705801,0.5800271053720978,0.5476958080642547
30,0.24379544070316192,0.2578030617020603,0.58822001878325,0.597923806898642
31,0.4591947642138462,0.14683161277833717,0.5682221922160235,0.6073076823131356
32,0.5327477663467411,0.26285168673096065,0.7047043410457936,0.6927746079862797
33,0.7293612683309249,0.25039842274374774,0.5629201353688886,0.5739838487488867
34,0.5757416389514682,0.18165933395225672,0.5959114456172236,0.5756403474346188
35,0.5363145343128282,0.2232073585684239,0.6373482309143255,0.6088923433251829
36,0.5421047836953644,0.30318817754698857,0.6106974455237341,0.6375781055153527
37,0.4992174161299193,0.24302023537576742,0.5799149136945257,0.48831431586681096
38,0.5285915085853203,0.2460386123622813,0.7626087464287838,0.5425096746668913
39,0.47650674579642244,0.21513658358318302,0.5413372050727037,0.5539141118422899
40,0.5224070812193142,0.2455350738836846,0.5985154003284417,0.5969999303561675
41,0.5290039969720134,0.52247158021949,0.5801568916298636,0.556927390516421
42,0.5412797252860866,0.17891259220509112,0.6077069417321006,0.504336209821986
43,0.5311778060523488,0.29063455627692253,0.6887892417215528,0.6307922607665659
44,0.5682581935994384,0.14348924661618828,0.5619561809517214,0.4660248442119128
45,0.5355249615942845,0.2711993555080651,0.5927196973358008,0.6342456970802018
46,0.5437391632549968,0.24743970096502188,0.5871252955790214,0.5228503356923925
47,0.5427728661967635,0.2640250893905785,0.6401556716066858,0.37359561861955043
48,0.3957303429544174,0.23731672705074064,0.5713980962659997,0.5005927694593453
49,0.5107130554949922,0.21545468103614174,0.5907489231206698,0.5638090245201319
50,0.5273606678452579,0.27100453968632005,0.6104677354048405,0.6042159554539909
51,0.5194540673316075,0.248567060675689,0.5847245057176352,0.5981459998825015
52,0.5287513674815004,0.2519078863681301,0.5878154423183177,0.556597516393428
53,0.4626120294446534,0.25536771576159417,0.5871290921337053,0.5384305714154557
54,0.5241536295268585,0.2178364208489289,0.5865672039475963,0.5425101557872096
55,0.5321994940017142,0.21968981480383287,0.5932558379256242,0.5945735010435372
56,0.5310629827122509,0.2117044531148819,0.5856594438106787,0.5940573848577945
57,0.862116023718049,0.2660347315567676,0.586286458494606,0.6047240701935345
58,0.579192978773325,0.1277736545985435,0.5150154363494823,0.5289984855875902
59,0.5372812200701704,0.2718188769262067,0.7591485253977086,0.6398245593143038
60,0.5226293406205449,0.2446018485949238,0.5299666632470877,0.5231524384859662
61,0.5296580372088375,0.25422825462639487,0.6127850199143919,0.6263466779073676
62,0.5106690084453211,0.31516485349558987,0.5801493218939614,0.6684681691782194
63,0.5722904498038648,0.22946104576517898,0.5948927585466343,0.4114530385532251
64,0.5303412277277433,0.23678419758492966,0.5847710354120033,0.4992310519195183
65,0.5302884464851522,0.2382249640352898,0.4466374150202202,0.5495055821431712
66,0.7023584469721891,0.24828684371031143,0.6235838556625697,0.5516426829678589
67,0.5895736551506228,0.19351802572261148,0.5143328733398492,0.5820470779311108
68,0.5390895983509741,0.24924685273196587,0.6713917449232633,0.6274584646154194
69,0.5888655228800765,0.251495414475479,0.5719453271177432,0.5533040991378897
70,0.5386714011180921,0.23316254701472902,0.46881422165225817,0.5562442060426779
71,0.5423929763136869,0.22269976988923407,0.6268011225599199,0.5755636246271849
72,0.5319465795692339,0.24948286075648216,0.5758072273177973,0.5832668542735404
73,0.5142193357372842,0.2539208119097788,0.32068666590801775,0.5378342411985659
74,0.5296073438900261,0.2473244938675101,0.6507049904154976,0.5740991233937849
75,0.54793043462236,0.2561266334294774,0.5659230627022329,0.7720633722363506
76,0.5318425559548832,0.2525709208291444,0.5925146694060025,0.5990134707133158
77,0.5015722726979001,0.24994262869430528,0.5853678703805043,0.5447150691457193
78,0.5228172469619856,0.24507891757997707,0.4373853849713368,0.5357126754220225
79,0.23471199234244974,0.2544691001116169,0.6398488802887465,0.5634765579174296
80,0.4824969971929526,0.14159335840550155,0.5657020751993461,0.47063597782140143
81,0.4961158119169672,0.2694426183461955,0.7120943204214184,0.6508015652008416
82,0.7059364125734066,0.24452570191472678,0.5462304691126049,0.45239844718309885
83,0.5516878363184383,0.1421431728399415,0.6055966500041073,0.5326441797625291
84,0.4530564032293702,0.2783787306765542,0.6280287548691293,0.6530583615532475
85,0.533437912666975,0.2193195347932179,0.5516666073932669,0.5184144905235167
86,0.5305323773175348,0.26311050605378555,0.5727749481031476,0.6215343167491659
87,0.5302317004269569,0.20997249092840323,0.5941555959292869,0.5497360331376082
88,0.5303323064275975,0.2747015010444153,0.5862624876822663,0.6203027415770321
89,0.5304005441041703,0.2484012927857899,0.5842798898580996,0.5020288200568741
90,0.5290632882791052,0.24883225931178507,0.5898369242101339,0.5455781255621583
91,0.5490241683741414,0.21031072599551404,0.6312118566035335,0.5437372422879541
92,0.536035859088765,0.26014714148636364,0.5744340187062253,0.5939144972524149
93,0.5283634591944764,0.25033295225417856,0.5487294894856812,0.5369790640891219
94,0.5298050491442712,0.22415094332603053,0.6268277104214811,0.4844793658702539
95,0.5117265553864062,0.3008336097800645,0.5727032547264349,0.5481132513856771
96,0.527990367717868,0.2117309712365507,0.5899896788835822,0.4602183280739374
97,0.5386500672582873,0.26762843450835583,0.5285977888229474,0.580300040616928
98,0.5374242714592886,0.23620345953674737,0.6043084589063502,0.5417383190947145
99,0.5363016828100254,0.2565525360068089,0.5823228407963374,0.5694980888535064
100,0.5310202102991897,0.2535981398400954,0.5827717460428292,0.5313766781332436
101,0.6162749511288265,0.2538808591628146,0.5879957422849214,0.5344188855592784
102,0.5424491583874943,0.22371666544334493,0.5850238620040698,0.5352528111204917
103,0.5319551556676992,0.2584016157162658,0.5934780054453712,0.5804541221489184
104,0.5296052520846547,0.2843219955158462,0.5071975141517854,0.4868237382277484
105,0.5301066813020476,0.2490756304462091,0.6216294011994722,0.489169556363569
106,0.5298636051448817,0.2568314692484015,0.5771414979006759,0.5311906034073586
107,0.7134550847921642,0.2495377842696329,0.6694884655350876,0.5300662634447496
108,0.5584005335169403,0.1870465960491235,0.5940412727485909,0.5580192808738698
109,0.4301389933550613,0.2629271687566427,0.633741632997283,0.6600802220377745
110,0.5139094902362334,0.2646303078435322,0.5795329478256521,0.4679127222900719
111,0.46577423340652274,0.28008527014650475,0.5931675894395829,0.5073044193118011
112,0.5357340758695103,0.2232652560272279,0.5851417455589873,0.49100591396187876
113,0.5877175485358844,0.2777220028151257,0.6744629328715863,0.5619302665315311
114,0.5365043421191403,0.22645881535551352,0.56333582052305,0.5423467602970099
115,0.5361386337729502,0.25999903754647985,0.5995605333834201,0.5776002655951148
116,0.5308381443456051,0.2505111550641684,0.567114007810674,0.530329556206692
117,0.5317576765744377,0.2549522344189629,0.5914363796133929,0.5221989383873292
118,0.6439792076753551,0.2552111879614818,0.5850238110661113,0.7079383731626737
119,0.5457224429319493,0.5232883110685475,0.5899399438621182,0.5639876600559692
120,0.49146810120892337,0.1725279906999699,0.5948660362040747,0.40521247848446984
121,0.5326679878956709,0.28045676426837857,0.5789493066877968,0.6128914522602589
122,0.5335492637427206,0.254468991807291,0.7103554432738883,0.5054779303668151
123,0.5373482941237985,0.2530304325582142,0.6429804837949642,0.5232050129171908
124,0.554839842392523,0.25770984587783213,0.5881842763431339,0.47106635082663306
125,0.526845265390859,0.24365702912163448,0.5844076599975009,0.5167788243710445
126,0.3637020757560772,0.25616355100875526,0.5820278772125947,0.5482355314200572
127,0.5307104078363719,0.22694683143989147,0.5874149090960742,0.4762264609105483
128,0.5287642841759485,0.3062320631311362,0.673652684148155,0.5626230703785189
129,0.49152427284521594,0.2391401156776703,0.5741285023405809,0.4223943496717861
130,0.48974908176238,0.24426589604466678,0.5984271865126828,0.5398004327420437
131,0.5557069690255537,0.22152738128864574,0.5894197517077542,0.5432412157117654
132,0.5340032632859887,0.25939384369335894,0.6204477211225022,0.5946076744628916
133,0.5313387914162018,0.25022712671667047,0.578324180657255,0.5255617204075831
134,0.543779160339133,0.2497335163862092,0.5939110217411809,0.5139045453710905
135,0.5253721842634979,0.250759469393178,0.5256029749080448,0.5361058101161038
136,0.49837060856152066,0.25353571310365314,0.5760097764422726,0.5623399687330158
137,0.5120175504714894,0.2150162925525348,0.588197724721823,0.5408865719058273
138,0.4981100460067899,0.2766870042653304,0.5918969908386283,0.6515733765905886
139,0.5249961169252365,0.190280462409865,0.5847660610604695,0.5238306733743361
140,0.5139776489681063,0.2269905437144916,0.5962109606178679,0.6179407292743782
141,0.527833578231791,0.2646737177616414,0.5888449771053623,0.5879793482386774
142,0.5274098430148904,0.25023876210841045,0.5970402783429193,0.530879743051503
143,0.5297659213124404,0.20250692792886824,0.5826489797261614,0.5273592065335897
144,0.5361112995427543,0.2794464078258427,0.600152281093062,0.6354380827617861
145,0.591140757908407,0.251692282424215,0.5826044088955221,0.4335773069914692
146,0.6212867772715291,0.23237889942737214,0.5886918740353293,0.5119952931559792
147,0.5434022097481065,0.22675165252459656,0.36272827801010066,0.5586304036540553
148,0.5323017733079592,0.25723401300480353,0.6629128754484604,0.8108271178265685
149,0.5276152799409655,0.2577315469115298,0.5663609086324076,0.5762875013573246
150,0.5520451021505967,0.25235675676064634,0.5985009055114611,0.5382296517840679
151,0.6118545697243392,0.2316875750838042,0.5832628276391356,0.5516489368103921
152,0.5374344703989509,0.23042958325005725,0.594038005809887,0.523517367959515
153,0.5409737045081501,0.2567162254966276,0.6022343685760562,0.6620118161196905
154,0.5309590235457582,0.2029576471673015,0.5768060971413129,0.4911709705875388
155,0.5301815197669909,0.26694508761010505,0.5890467769510909,0.5960670021192758
156,0.5303151030366378,0.23751722471397335,0.3971731689294364,0.5261295942336653
157,0.5287873494034456,0.2590037382775912,0.6370020677039826,0.5781751272458919
158,0.5456422909542541,0.26809348628411317,0.5728071998576822,0.5680442560254382
159,0.4593035762138974,0.24563941154214786,0.6196827408406579,0.4755803716636423
160,0.5125707204026767,0.44931556653642574,0.5784831711236296,0.5334069079247485
161,0.527591422958686,0.19347224200313762,0.5959889969156932,0.405034160405719
162,0.5048884805468578,0.27053857509439455,0.547448595295153,0.5936551555554835
163,0.5275409215514619,0.23199350657656434,0.6028338859012911,0.520657383377987
164,0.4538534155903352,0.2654268337567008,0.5824883081155104,0.5480705816895227
165,0.5191309095486849,0.22328178728390802,0.5875454477515704,0.5492943918150437
166,0.46331689273727333,0.21177894738148892,0.5951599752297256,0.9296848701298581
167,0.5204304737440295,0.23840155605685281,0.5805076528847876,0.6088761614428558
168,0.5316314888698666,0.25761298124947113,0.5961211678901767,0.32517655629321907
169,0.7641144334207355,0.2516875690803581,0.6136836928275062,0.48928139873460896
170,0.591384934812867,0.1690416240442308,0.5738980490318671,0.5294749458124217
171,0.6314360265949928,0.25578558319356237,0.669107071204713,0.48115804384503225
172,0.5448453729145816,0.30287737037759593,0.5720095224864565,0.5186476180354264
173,0.7391796058194464,0.20038739147763063,0.6053550902839412,0.4945897478824373
174,0.5601314055620801,0.19206938951897976,0.6010895082130817,0.593672780655211
175,0.5341642928424635,0.23537942483692742,0.6514453373346779,0.6637641307641401
176,0.4847210659750387,0.25048697737206066,0.5706248738500043,0.5813834126620547
177,0.523836217458415,0.3129442148680506,0.5906934144707773,0.550170455688665
178,0.5548077537463881,0.24329877603965802,0.5845580439389612,0.5123507898010358
179,0.5281809330679209,0.2504070834550444,0.568083504155616,0.5404788413483801
180,0.5287768685980854,0.2546727517336705,0.5979700596776597,0.5421453120814625
181,0.5277992872496954,0.2536925377121556,0.5829267614710393,0.5023769202518847
182,0.5290380664211389,0.3397214557108905,0.5913685110296902,0.5289034256122424
183,0.5255178089270317,0.2183291428522842,0.5574561851132909,0.45813381579977525
184,0.47575422561356895,0.28476679999228643,0.5922607982733614,0.6141062390583801
185,0.5798263971926577,0.2396569120337191,0.6919504824184753,0.4934077430566542
186,0.3699152035434057,0.23243041762973435,0.5870120404444334,0.5429637156978666
187,0.48956882108143074,0.20128273151939755,0.5903125035728223,0.567534844011392
188,0.5251854988017233,0.25078383559677103,0.6441150215339063,0.5908785684886946
189,0.5520654010889753,0.25346199461739694,0.5768067931817037,0.5459227030400752
190,0.5331485685661482,0.25379266865370703,0.6082059481778325,0.5348193257025514
191,0.5301115874884026,0.2536812986464592,0.5807223840554615,0.5349641382428724
192,0.5301709141021532,0.2745368892393146,0.41644878553281955,0.541284339778997
193,0.5297870880091053,0.25342153794563643,0.6307420113230998,0.5248070315948462
194,0.54484259250221,0.1420377323300567,0.5746633755050767,0.5301522918706406
195,0.5298416091520269,0.28658431733066625,0.5896141789810704,0.6468950820603819
196,0.5092269657105811,0.22463504484234312,0.6143378392608639,0.2566463938932134
197,0.5248378265292316,0.0,0.5743642139111982,0.5638721892745625
198,0.5294241961105758,0.32374803594093277,0.5906283662484602,0.6950278342366586
199,0.5706394034002321,0.23304343301910885,0.5566282098960055,0.5173667569601892
200,0.625488155758525,0.33962815824042575,0.6137737701000909,0.2975295170868437
201,0.5425854739655401,0.20701250779923142,0.5549623392256731,0.3845268082245248
202,0.46340703960705193,0.27010184960060657,0.662272390876534,0.5963664418756712
203,0.46261925516580876,0.22513863232146605,0.5740733447972397,0.5477482862526691
204,0.7300993383116866,0.2459183250893471,0.5549896922006613,0.5879079621723161
205,0.5576951504591242,0.18009463345270008,0.6078744478160377,0.5632610967576597
206,0.5362592471710013,0.2805828546810256,0.7421409963851703,0.6220427458514771
207,0.6850120564859828,0.24383881957917516,0.5460802117683606,0.5081910162573302
208,0.5457235662428024,0.19991124667107762,0.6073241670813312,0.5523685856340889
209,0.5322677360169648,0.2642301871226829,0.6175675016880381,0.6095211828917049
210,0.5262053049027365,0.2474869855600454,0.5796849947091021,0.6651648883645693
211,0.5008510981875963,0.5337159017008096,0.600084273925063,0.5635260814942581
212,0.5371056204934277,0.16476548291812151,0.6668517823055383,0.35899040164311163
213,0.5576192774588695,0.2764441328959861,0.866857107580086,0.6036868092344013
214,0.39045085404652874,0.23026990115349014,0.47903650550737925,0.5196372927354492
215,0.530614665781906,0.2068904928991506,0.6054043160938456,0.6036348209909315
216,0.5299541047679384,0.26753180678364447,0.6114650888667578,0.6106421630119294
217,0.5302807166531064,0.25250790399950285,0.5807362747523771,0.5263870523995471
218,0.5303619804183227,0.22294727098616382,0.5844333218927975,0.5393622906122421
219,0.4814856731897331,0.2622432323714178,0.6338092041601445,0.5503147269897548
220,0.5224717206594139,0.2995523865655422,0.5488634175272963,0.5222685038423656
221,0.5078083076637278,0.2391155747001186,0.5235953237191503,0.5155725909522185
222,0.6804035069311689,0.2503185388879724,0.6037585225859656,0.56262492865165
223,0.7800623452783843,0.19935916481362118,0.4853327193339079,0.5766698197016206
224,0.566370315643604,0.17720834455280518,0.6498592050369244,0.6264943736880456
225,0.4996229293473429,0.2627225498365635,0.6587421008150811,0.6517854500697174
226,0.5595034375716366,0.2707292929547411,0.4876909111385333,0.5374409999974316
227,0.53427393163256,0.2660661349011968,0.6110346495140198,0.5153079814750592
228,0.6469287038152581,0.24811939370314268,0.5823386972768992,0.512224615079719
229,0.713760915820937,0.20667711281621737,0.6079228886565502,0.42163050600693047
230,0.659027180531618,0.20126242188455043,0.613729625073389,0.5764295398604322
231,0.5474844027613952,0.21999251476520784,0.6278867555909319,0.6072722733619518
232,0.51096560735376,0.268138450527586,0.6011417866281209,0.597648950565724
233,0.5210287189025897,0.25876188103634956,0.5657376689970458,0.52419172701193
234,0.5288336713075915,0.24589046958579833,0.7350557649637878,0.5268127338156988
235,0.5127616087748996,0.1632015173873045,0.5459167976875258,0.5664999664759197
236,0.5647801829455008,0.24755914544429355,0.6073917224355955,0.6356582408768701
237,0.541395681039296,0.24339658961251748,0.6024684459501664,0.5609097063023439
238,0.5318011784242251,0.23637378153989416,0.5716175065113873,0.5522053156841132
239,0.5290107614363927,0.25909043871202625,0.5944099104154347,0.6508195960423345
240,0.5359888068608981,0.25262451281340875,0.6000741031022109,0.5474201814579686
241,0.5882295349175745,0.252637857979101,0.6330926305880457,0.5364243534191214
242,0.38159576593018996,0.23325158549011243,0.5824711429135494,0.5204145598453012
243,0.5089448569412653,0.20168163146946633,0.7081252706460408,0.5622722581487026
244,0.526511112512456,0.2634163996866974,0.6184875689953341,0.6063748109500396
245,0.520642648419175,0.17692815370474113,0.575577388477671,0.5263666417123934
246,0.5279292068529969,0.27343323324659785,0.5932418918688972,0.6323632992535057
247,0.5299054623528884,0.37190857513456776,0.5607215060414518,0.5230844429311517
248,0.672880588715195,0.24305252529434637,0.4620436889319734,0.40684177649868913
249,0.5508431154407666,0.20464716075396025,0.7323667887408604,0.5438848275463098
250,0.5314359613790881,0.26043881425764975,0.579082371638768,0.5992897266383825
251,0.4899893635613255,0.25271317645252,0.5887900494664149,0.5327373512527764
252,0.534487834482153,0.239855235776842,0.5862732723302706,0.5357538055180389
253,0.5215173556287298,0.303066605158836,0.598645223387125,0.6117312618781807
254,0.5288918077617086,0.23550662572751282,0.5314420919845416,0.48507628756629556
255,0.5379122503890128,0.2590764778395757,0.6293464250960152,0.5543159181497779
256,0.5313008239071478,0.2329245374622817,0.5754884114864356,0.525521904713344
257,0.5290819217199638,0.26194124151135356,0.59129172708127,0.5625994373030028
258,0.5299066354702672,0.2110157032815882,0.5994211467351438,0.6012989035992906
259,0.5459753240676053,0.27201274338580633,0.5834371666054974,0.6004119071739118
260,0.5324649319233025,0.2450975642600662,0.5816527161079471,0.5178641529192617
261,0.5308211703366994,0.2346965054297896,0.5739479843920924,0.5362870571967397
262,0.5319225278006763,0.2602806507228721,0.6506784752965198,0.5656335620247077
263,0.5296126186157442,0.25179637536649324,0.570397241308596,0.5266975110126245
264,0.5308664139638023,0.2531102274265017,0.5897758566431661,0.5365957848923681
265,0.5298142460308799,0.22983219066775645,0.5808600900059564,0.6713259207400203
266,0.5619664121680858,0.21680585852196882,0.5920410878799109,0.5895021643316019
267,0.5375406171422346,0.22147523337140476,0.6422792431095389,0.6394050595453501
268,0.4180760468304284,0.21176813554000318,0.5799072351670377,0.5893950587524758
269,0.5137524733937614,0.22480626919450195,0.588307378932887,0.6138607437679033
270,0.5576075165707172,0.24559271234092106,0.6050918671012129,0.6142633708201579
271,0.5339385704131269,0.3418046931263263,0.7768053730791883,0.5587957386323951
272,0.5290747110313465,0.22869480663609693,0.19288139502816387,0.4290208759331506
273,0.5514507421297937,0.27615129543806616,0.6874414680647537,0.5991980891718791
274,0.5055396067531045,0.23683523533630216,0.5589940875186497,0.5087477134975671
275,0.5266166263053015,0.28814696602061146,0.5747441163287446,0.5425939945344115
276,0.5341522528505119,0.24252295540676552,0.5905944440856015,0.5372248327315549
277,0.5442596553422259,0.26583513938545933,0.6346214924837458,0.48361873139692096
278,0.5081136028026799,0.24625021832205046,0.5740537325486327,0.497942277493322
279,0.4847061062638259,0.25190222761514625,0.5201300045929325,0.5732259598746416
280,0.5965177679286244,0.22198086530746827,0.5546057444639533,0.5512031322622654
281,0.5294796047269764,0.23014766235998793,0.5981137535323213,0.5636810771936623
282,0.5300609040155988,0.2691539685635725,0.5960171399275284,0.5797587720926158
283,0.8440709157752454,0.2509998297252978,0.5952263930718951,0.5194202848889353
284,0.5734250117635292,0.13688385300550382,0.574555634185779,0.5354947459504611
285,0.3031900903391509,0.27348896771795356,0.7258301932281308,0.6583031490742498
286,0.9700827991302681,0.16485651244831354,0.5481704821113365,0.5023064829131971
287,0.6165480974840063,0.11461034449597603,0.5262599519123776,0.6685666006071709
288,0.5436918803461642,0.3479702849008782,0.8218312157939512,0.69711076701439
289,1.0,0.09933084959340595,0.53521483861472,0.4532792972854823
290,0.5981916814371379,0.12381741128271992,0.6256152267792883,0.7223873145884829
291,0.6060602973460936,0.2724605574188406,0.7730678894897979,0.6911625879307693
292,0.5411645338374098,0.22180737193963324,0.5442621154074241,0.5517720371591408
293,0.5313110807381146,0.3367009724398792,0.6068340131499262,0.5753917864601465
294,0.5358696003284557,0.23269066165015442,0.5767961842114869,0.43831544204126255
295,0.5461117326953961,0.2596550699368759,0.5435170725626418,0.5384175306582301
296,0.5785494766615433,0.24430403451262284,0.6007751223085331,0.5303510876257032
297,0.5744124873291266,0.282847203697884,0.5830336334494066,0.5351433752736829
298,0.5338727849517104,0.22768059244712574,0.6484665315548833,0.5072976920144399
299,0.5307013357644498,0.2600331148789563,0.5594529665466389,0.8520694887962953
300,0.6892199561512686,0.252075297641024,0.6090261105039863,0.5889129818633881
301,0.5581346018434099,0.19873917284657938,0.40915372591058,0.5467221333241754
302,0.5342458471338155,0.257576983484645,0.6904088472814345,0.6311808854375207
303,0.5842045756621776,0.2518824684112497,0.5532268469291194,0.53284277892713
304,0.5979604352764171,0.23361306216418898,0.5954616354364747,0.5596070554367324
305,0.5868814964028886,0.18070699938064802,0.5898989791001887,0.5914843083323338
306,0.5348285154557152,0.25090714860704655,0.5935012982904461,0.5849196326779553
307,0.5296067218120224,0.34144157451715257,0.5726439632463896,0.5458694487921831
308,0.5393894675033555,0.22889257652138803,0.5941498435819098,0.4298871794262884
309,0.5685419216228443,0.2581227814375013,0.5867452790118481,0.5508331702133559
310,0.4984501945302161,0.41447421811895024,0.5865350936593733,0.570426423776956
311,0.523526242858807,0.19256151121699275,0.5890902926295927,0.4017490399896702
312,0.5289501098372974,0.2729032121424715,0.5724230847148137,0.5955916479108665
313,0.5523223712997571,0.2668650256657482,0.5902584489268986,0.46650190395414876
314,0.5056368797023624,0.23378141765713265,0.5854643705121176,0.4914997969379195
315,0.9589537332797594,0.2891222575624349,0.5280638832184257,0.5554234470218733
316,0.5922740701955533,0.09317330650724386,0.6009576999926117,0.46303101452255147
317,0.5443765669317465,0.25957065604949864,0.7987526209876168,0.6398511419676051
318,0.7744290390808378,0.2475756005917578,0.5359216222875437,0.547864628382224
319,0.5709822327474022,0.1474202497525562,0.6002779124492499,0.5505432012362717
320,0.5454919423610166,0.49448479424258057,0.6345010944387866,0.6537152528453446
321,0.5322841189695344,0.27846750593051967,0.5873723591747022,0.4729861412690749
322,0.5328282697527251,0.24671712578278104,0.5820300563397095,0.4815345668640276
323,0.5053116070444342,0.25232578471449396,0.5869383029047147,0.534366737029711
324,0.5265702591313187,0.24660223841308312,0.5516995607014257,0.5801285947300938
325,0.5296574138593585,0.240059298040986,0.5974495118099981,0.5566573720950233
326,0.5093556554301285,0.25800357447411565,0.5834384950315615,0.5615736442639534
327,0.5499070702535928,0.2315250484233762,0.5621781514995847,0.5334226969494232
328,0.5351547586164683,0.2532644102560992,0.603521612545897,0.5696579597854671
329,0.3919318380952596,0.25350685517827787,0.5825447284369163,0.5404731554018699
330,0.5212216240791223,0.20370643763785062,0.5872617603746095,0.5100735436548328
331,0.5119965404106938,0.2691846865681525,0.6346659104678126,0.5978582124628389
332,0.5320337891774335,0.24206085490899484,0.5722699305584186,0.5201911270947273
333,0.5195365263796287,0.26402133528453314,0.583039844141841,0.5663915528495223
334,0.5277007908493431,0.24764118038673444,0.7307520505037765,0.525435473997009
335,0.531525518159351,0.2557342729225842,0.5481844953559628,0.5367703511257095
336,0.6918333720476257,0.28779513093750364,0.6224772303975017,0.5285652006543593
337,0.4795251341518723,0.18500500525601182,0.5870804432934505,0.4817146566346462
338,0.5220073814866438,0.24606561603844107,0.5608628144757799,0.6133187974365564
339,0.5281947370403494,0.25691895236730317,0.5970511153537665,0.5455086435639004
340,0.5591607143724452,0.2416932609136978,0.5837581859049488,0.5431834645765782
341,0.5340880228616546,0.2471478010346575,0.5834102232714761,0.5542307439632319
342,0.5324313329251115,0.25488514136677376,0.5889325360771107,0.35626715342738774
343,0.5832702084056041,0.15938012441678404,0.6135301203976865,0.491675355379284
344,0.5480512533063039,0.2316303106984118,0.5762136595542325,0.6343703695632337
345,0.5312964236136456,0.24607131328299617,0.5936805210961148,0.5860375936148996
346,0.5286858566278709,0.2566302605684439,0.5850342479730957,0.544571260307794
347,0.5295930494985903,0.26065413693208667,0.5868602957354849,0.5440173284542025
348,0.5301919620504115,0.25231055654429296,0.5837204916280164,0.5188496270676997
349,0.5169155536252937,0.3824071646355542,0.5939227673649246,0.5348982529735002
350,0.528255828775934,0.21883116994916846,0.5335562440321753,0.35681443727964046
351,0.5343139950246385,0.22646031974016737,0.5884787452301714,0.5565075449980311
352,0.5286874901603559,0.2632491086520529,0.5565542842435913,0.49910332536786745
353,0.527733998246002,0.24110698396292407,0.5945980054482932,0.5165012720393557
354,0.5303868880376945,0.2522109122113611,0.5929240994749057,0.5492882085633677
355,0.5417783766893726,0.25459127980080165,0.599570550671194,0.5400134224951594
356,0.4805104117230737,0.24979985962822218,0.6088624693247482,0.489149977359017
357,0.5026937394170938,0.23758148231316698,0.5464956372501619,0.5433031356974982
358,0.5733656747334748,0.2533552194002411,0.601049422012994,0.5578403768343593
359,0.5364307300788661,0.25247673553082006,0.5946174290281967,0.5452836958327396
360,0.5026252836670553,0.2507397746350004,0.5872280513109502,0.6746406725653509
361,0.5262335699346833,0.24512669479474197,0.5897661680793804,0.5648055920262957
362,0.6172939906629656,0.27204866289179575,0.5921246917246838,0.5526068522861138
363,0.5378188738362009,0.20358793220331547,0.5849801462862134,0.5104212119163982
364,0.5123386075993664,0.27618653097164425,0.59515932947655,0.583276317083703
365,0.5272782157504396,0.24557902944278834,0.5826157555754466,0.5098784366689718
366,0.6187440253642289,0.25525510287807024,0.6353985264953829,0.5424015314728513
367,0.5369509268997188,0.2396490654159925,0.5735368883264913,0.48159527016012105
368,0.5344782607337849,0.25668600437634964,0.6001702475654823,0.6182188003084731
369,0.5531721007960652,0.2557999013566471,0.5775151572507895,0.5562921157091293
370,0.5387692647330792,0.2871891258036504,0.6069418115057558,0.5297857462002462
371,0.5305675313804866,0.24184871466260188,0.5564939240773925,0.4836218500990881
372,0.5362922074191416,0.24322136182980603,0.5970332882442985,0.5453444573025085
373,0.5311682897611559,0.2542591366986102,0.7524320676902038,0.5436897366538079
374,0.5420256366500812,0.24104304250849395,0.5422659787001544,0.5413925715794656
375,0.5332146912756649,0.26420025765895794,0.5782145214886576,0.5536183766979853
376,0.5306825635729181,0.24989080425225263,0.49032206687686314,0.5087072173788413
377,0.41710571487473536,0.2545144139348028,0.6218941412210549,0.6238090312463161
378,0.5196795783938435,0.20978906963698757,0.5516865535684966,0.5474568312870324
379,0.5286259310096684,0.276742164597234,0.6160348816458193,0.6049541185703459
380,0.33580530539262604,0.2476838057725751,0.6798990667127399,0.6189772916915348
381,0.5020339816669139,0.1888097285029759,0.5631391639104756,0.5538888813291956
382,0.5266713163108746,0.2624956707287791,0.6490011679662265,0.6236260405260671
383,0.5296342346597248,0.2465931752197419,0.5710111519601697,0.5413923990484787
384,0.21405969498260935,0.24839874326663414,0.6024548537710323,0.5157555593601509
385,0.4761504162132948,0.1562394571148198,0.5784121207691194,0.5378250896686769
386,0.5029317859189947,0.26173281482329813,0.7216770992008164,0.647793301462471
387,0.5255418079136005,0.24514684148868415,0.5693648282826597,0.47931072380125156
388,0.26618110369139225,0.23988889149672885,0.6287970786485623,0.4581166646923434
389,0.49244607513635846,0.16032703648412827,0.573619023221573,0.5373823003883449
390,0.5280330363508173,0.2649768495169954,0.7133244589211095,0.6399388919523233
391,0.5340116675704137,0.24388205776460278,0.5553488893917752,0.5317794556509602
392,0.5307296922552682,0.2575513252722333,0.5416748980608262,0.7224766316821142
393,0.530237333562751,0.2594727922498285,0.5985288084979313,0.5671319877863638
394,0.5524358783910389,0.2526339433135913,0.5832640664025183,0.5311115303485822
395,0.5354489311922462,0.3377787490062948,0.5872996945283679,0.5348961608921391
396,0.5293857093072085,0.22880868090130124,0.5870953040278281,0.37610854738439925
397,0.530656503143262,0.21779733106854202,0.665297426680287,0.5513840971313343
398,0.5375831457786788,0.265737929630447,0.5654437676449188,0.5846479854796177
399,0.5690443320597465,0.2258604373409879,0.5951574152349426,0.5787434435597169
400,0.5380971667780738,0.2473162350754166,0.6599479783803762,0.5825160623839039
401,0.5211007375706539,0.2535204154610158,0.5678881855163808,0.5454734496216623
402,0.5264107950413048,0.26603334003672097,0.5196117638828565,0.6697132791480742
403,0.5298825560607746,0.2512382698505841,0.5724180645006867,0.548949316542257
404,0.5307966092236307,0.2510572557663097,0.538012300728416,0.5422067546693371
405,0.5535192055493153,0.2755133602418609,0.613860782874893,0.5443846696703336
406,0.39212469060492133,0.2398275274796867,0.6423189758627807,0.5075723619569126
407,0.5025778834075667,0.227915103621466,0.5723022575270762,0.5548582420829915
408,0.494239685963527,0.2736263367808986,0.7001668532361838,0.5771050338668079
409,0.5527496166223443,0.2355551072141942,0.556353002750696,0.5101490737009767
410,0.5435742321011731,0.24729539086449753,0.6037771671296751,0.5476588356180003
411,0.5329818003262308,0.2546398896036919,0.5854114219822969,0.5449473802817179
412,0.542369789357746,0.2531843956025055,0.5802377189333825,0.4213643837221073
413,0.5282415192863917,0.2501106147982548,0.5880849305771612,0.5159493054798027
414,0.5332188063650202,0.2548041666357296,0.5951257893955119,0.5367724177718359
415,0.5306269347146253,0.2466283506363934,0.5413702424923785,0.5406262446749789
416,0.5302690093777301,0.24533518359752346,0.5985092973238018,0.5428211373747096
417,0.5301620394568863,0.25521679003900616,0.5738042795929787,0.5713712606233996
418,0.5496138052839923,0.2540807004244663,0.5797501122806684,0.5404615265997262
419,0.5597986310338601,0.24683330075130597,0.5920840150569251,0.544999034735971
420,0.47384552620552955,0.24779264224428574,0.5702975513903668,0.4712127852313175
421,0.51913173771403,0.2391688569107543,0.6265664331037617,0.6853992038563713
422,0.5285971456392132,0.25521399816525764,0.5813613974621457,0.581681325799822
423,0.5342518648538762,0.24274287043476198,0.5828850080331248,0.5414665063450665
424,0.44373845675616347,0.2235607100123239,0.545691023494925,0.5645845572790857
425,0.5014319511748471,0.22120126449238084,0.603454840487588,0.5873005608754757
426,0.5254518224956406,0.23576556976938343,0.5942746343701031,0.6150394342576516
427,0.6458472148524859,0.2629101630035629,0.5624730292497516,0.6176256617184563
428,0.5334313653404774,0.2136364073333577,0.5950788689280487,0.5232372817289909
429,0.5294518587630589,0.21795970364156556,0.6043124687433795,0.6479496538160877
430,0.5300725201050552,0.26345272404258213,0.6505136241887132,1.0
431,0.530144426111697,0.2516417677817869,0.5724792395696356,0.593063805736798
432,0.5302656422959687,0.24762620058957438,0.5811294374426133,0.5496287709852964
433,0.5301903740382643,0.2557907498565129,0.5878793467958139,0.5408788307116146
434,0.5300540023529338,0.2468592184426229,0.6408362235134969,0.532538999181924
435,0.5306858029752476,0.2553621626228946,0.603329600297445,0.4993235622720344
436,0.5307347742057734,0.2538278222911705,0.5805630659251659,0.5243399209412842
437,0.531478829874742,0.2545475233565237,0.5315901142593463,0.5296752318369491
438,0.5318140242426583,0.2478457151147911,0.6247743397331831,0.5375349990552017
439,0.4972233358248642,0.25873110219603224,0.5687547872018582,0.5407982109301793
440,0.5255368445656504,0.23392855227451512,0.7433071764750027,0.5296646917661001
441,0.5295935063157078,0.25772821095952625,0.5140140244766563,0.5404277421108769
442,0.5405784125349107,0.2529884784893254,0.6044391101083478,0.536653874857043
443,0.5389688617474392,0.24186692432822246,0.6526097908162384,0.5377470110624198
444,0.6124306808584891,0.2553139913175752,0.5692820920258828,0.4938118754164218
445,0.5316946500485528,0.22017938878973445,0.6128596697678445,0.5286264654057847
446,0.5303593730601137,0.2541496521553237,0.6234694317126888,0.5792901839265727
447,0.5304503060877952,0.29766700586009653,0.441843248906902,0.5396721452810533
448,0.5251623436322127,0.2416865209314701,0.6169478070136267,0.4924627668468567
449,0.529085949955658,0.25506293294728033,0.5838901867229381,0.8102211939209899
450,0.5290484696734874,0.12540317167671874,0.5890264805518876,0.6018646057685396
451,0.5278749874922198,0.2901838226326428,0.5830768582889679,0.6750236760801498
452,0.7852098710850831,0.2761271175347533,0.5673911285728835,0.48607831811102764
453,0.5670973789159799,0.15307872167234238,0.5916177472780553,0.4940388987142569
454,0.6055195112907118,0.2687686496203238,0.6852451664367639,0.6359554215089209
455,0.5284727820824714,0.22626397543280832,0.5673734429991895,0.3718895753665792
456,0.5304872178662529,0.2670859668080507,0.5739780291218533,0.41492274299001597
457,0.5252302192914532,0.26523839819411654,0.5862999650381453,0.4831649924272321
458,0.5304163189470946,0.25220941366084987,0.6075640022168247,0.5201496183865741
459,0.6319000284862983,0.2546091305641068,0.5969089247306449,0.5227939786030319
460,0.7057078821475214,0.2125949819816156,0.5848640911117304,0.5296073276044418
461,0.5679499058025682,0.2027086820077081,0.6011809101437139,0.6250536157419064
462,0.5379913721710574,0.25614571782681644,0.6393335612318002,0.6082450047463257
463,0.5313096925679752,0.25201255284804863,0.5742310840874773,0.5412237988263833
464,0.5318595461070473,0.25128807635901806,0.48016084404954046,0.5480216992954945
465,0.5887327747679788,0.2532571464934804,0.5499499518086127,0.551767442867379
466,0.45252536397482573,0.26789409339018727,0.4562887531279494,0.5411461631698026
467,0.5184857484673363,0.22109043699765932,0.6266708462031642,0.6359951150096882
468,0.5107416809751695,0.26149164524731533,0.6013021659733465,0.5369849995946042
469,0.5509620042734111,0.2450897835268281,0.585139213174746,0.5204890518900935
470,0.49573434921655507,0.19999469526582553,0.588332081880064,0.8985005337672882
471,0.5390239812407267,0.2584885798812173,0.5684326665511057,0.6748655268192817
472,0.5015753289395878,0.23791753575192517,0.5977489030662261,0.5612983199653201
473,0.5019010297053893,0.2889803357277278,0.5610511474777498,0.581653532503867
474,0.6020990427695776,0.23340194247470342,0.5890968707324397,0.5599711720269912
475,0.5651272309358815,0.23064577609406683,0.5914502446160118,0.5875476788666678
476,0.5215404133878391,0.2479428710912357,0.5951634283090104,0.534536393083037
477,0.4239994021642692,0.2529066124851518,0.5471232867336452,0.3347270332733756
478,0.4988596159954894,0.21453533095686522,0.5970474941857229,0.5028054541686114
479,0.5306867104971137,0.25340325507880107,0.6001355177687228,0.5841264658025822
480,0.5302515375996674,0.2653806060761845,0.5839788974916145,0.5429374581646997
481,0.5142228379539872,0.2511801745811078,0.5797696101269743,0.5180471509999284
482,0.531741815756781,0.2529732445671128,0.5859650443691097,0.6368454028234435
483,0.5886929230943142,0.2541137545564486,0.5863948572284527,0.6476861017347317
484,0.5105993508177408,0.23468227593025218,0.6088540637679102,0.554396882108612
485,0.5273401647872485,0.24959928083210692,0.6246775497951168,0.5609152765551811
486,0.5199239763694175,0.289294651996757,0.5768916995179064,0.38555015197841497
487,0.5585177184889899,0.23266147019390504,0.5903105847860617,0.4537659396278823
488,0.5343391000776382,0.1958846314779336,0.5904874199885171,0.5450421005499998
489,0.5255998467566927,0.24297092953527497,0.5795695982878407,0.6057288824328312
490,0.439283090680137,0.2450813530928829,0.5970398324771599,0.4753171779601992
491,0.5249679046870235,0.2229370851956984,0.58374815106344,0.5490739119667141
492,0.5290587577467284,0.30682685549964434,0.5575612116985483,0.5821225689862266
493,0.5301043836367917,0.2187971613593013,0.5944728730778305,0.42156987638209
494,0.5300841799084445,0.2672972817349564,0.5844094725394308,0.5623318440187448
495,0.531839701767862,0.2413802313108074,0.5842116402391208,0.5205263409261373
496,0.42457487489659035,0.2796096611060367,0.565597468771183,0.6143029526766925
497,0.5043471909902081,0.2095423698037483,0.5775390705322266,0.5132746129331016
498,0.5274278351898122,0.31624171987082317,0.5982348939061065,0.5848106177243989
499,0.6605689735000022,0.23554380286301735,1.0,0.45982144558619864
500,0.549901908207873,0.21558477918576271,0.44871340659181636,0.5338826099432563
501,0.5330309697356859,0.26356537578987654,0.6488733553571547,0.5998202644237167
502,0.525640885994107,0.24967786484078774,0.5706338679207608,0.5137847072389887
503,0.5237967066550049,0.25392167771627333,0.6055674343364592,0.5993458453554308
504,0.529093661855289,0.24911813614930264,0.5645720304058827,0.5881041870619859
505,0.5204304005657785,0.2498805266252311,0.5038734623981338,0.5102357404724995
506,0.5288344627642587,0.24923129344117356,0.6083478768268689,0.524442414762545
507,0.529984237519608,0.23736541583964432,0.4415658068369288,0.5402487232001006
508,0.703765828617146,0.2639020107945193,0.5450070719119927,0.616639976909135
509,0.5553041656824774,0.18729414812790118,0.6178199292702204,0.5556871378209042
510,0.5645850068380832,0.25549572266366916,0.6237235862094703,0.6223409992754008
511,0.5338457128859608,0.24123779189648328,0.6430934946055528,0.6314280412379397
512,0.5506773745254939,0.2567997375808446,0.5408136434864624,0.578080209883122
513,0.8523529669876021,0.24541052503595798,0.5973081284668457,0.544440506836674
514,0.5735004192628718,0.14720404041776192,0.5858868625211286,0.5479233766513674
515,0.5065414921519905,0.268230886300446,0.7528479213640331,0.667801363444183
516,0.5551250077807302,0.24163940089999886,0.5453897232695584,0.5339291092848519
517,0.5338088734691455,0.3455980010734203,0.59800396847407,0.560180983950752
518,0.5304818023637704,0.22500531219160838,0.5568282050985071,0.39940809512413816
519,0.5326856471820661,0.2624696100206764,0.596585219048652,0.5510124896758885
520,0.5313295741103592,0.25121151109360124,0.4958875767942347,0.5434144766984761
521,0.575211550665837,0.23299049495878157,0.6152836618384099,0.5511827862552761
522,0.5388120680480316,0.24259754700747382,0.5789683349468584,0.5411486533573078
523,0.5283711093536215,0.2583727655404208,0.5927424859338685,0.5528965117780658
524,0.5044926070706723,0.29073653592529225,0.5849233874010007,0.512278518212254
525,0.4260574136045415,0.23057122799444607,0.696165491016776,0.47762540505324347
526,0.4917481655672146,0.22321652731800898,0.5975791579097078,0.5625079500335394
527,0.5570599857537083,0.24849280585011768,0.6686609681713693,0.5833032632030759
528,0.47670033924364624,0.2448282700874833,0.5499564477992722,0.530252307952554
529,0.5224552410248002,0.21740059467994358,0.6008876202445943,0.549680918977928
530,0.5726686309985891,0.2622917506791166,0.5624237392872438,0.587445899061556
531,0.5416624705582432,0.13879629353469097,0.5930101755022347,0.49553307796031737
532,0.6143888067915318,0.2847473620192777,0.5876357407959582,0.6393737163312788
533,0.5524543720860856,0.21460708675149615,0.5869571865570624,0.530115978538199
534,0.6217466240089917,0.2574347628255265,0.6023462884308312,0.834168556820295
535,0.5402320330326088,0.21935359428699064,0.5899849329144947,0.5849222876019755
536,0.5213103988613679,0.2363732145250949,0.5987961352239777,0.5917926862853377
537,0.6979761539260266,0.21510160370070833,0.589407280486152,0.5700977362569422
538,0.5557077072578108,0.20324471137437694,0.572440177767917,0.5957113314144952
539,0.5339227239538595,0.26031547912708536,0.6380811233349124,0.6137400464347005
540,0.5276365422290686,0.2512503682555709,0.6403362793671945,0.5366307327047685
541,0.624009432873993,0.2452382514308227,0.560681999393995,0.5357631474642568
542,0.5468672642773302,0.2280117249113614,0.6064573644250394,0.5541998035189871
543,0.5359460997215174,0.3734836103644355,0.5922150965882379,0.5714338643568359
544,0.5263070376526834,0.21755320900973207,0.5921682354566298,0.4147273834586535
545,0.5296591116016842,0.25321202847434954,0.5710859283903343,0.598859451746648
546,0.5288733132903837,0.2536646469565586,0.6031762309548246,0.5533578417597148
547,0.5299842611111227,0.3075085479952634,0.5801838930709551,0.5636527191014797
548,0.5311485696337414,0.23321127667443106,0.6080273602422214,0.46446063327862236
549,0.5280874180110878,0.25850080523978736,0.5809320675590858,0.5479717130491903
550,0.5188271796252374,0.25227803763042406,0.5879653149845265,0.5239431699274976
551,0.540486124667275,0.2503150797737368,0.5887234239994739,0.5320402562181278
552,0.5117429032661689,0.2543669089004007,0.5801518924042847,0.5378820638954427
553,0.5900543432694698,0.24631723290234853,0.5785518969435284,0.5355938857105571
554,0.6208973526424807,0.21549887358404726,0.589103480198601,0.5462456498250691
555,0.49020044999104584,0.23169444790695234,0.5917070991795741,0.5017662569240238
556,0.6193977326214398,0.2458911457550569,0.59796239282152,0.5958348254148489
557,0.5327061387006612,0.3013453421188146,0.5859070537574398,0.5593546039696529
558,0.5826564341250764,0.2573064486719076,0.5829736076066656,0.47003081798232277
559,0.534366554696846,0.29149957563177015,0.59244233692087,0.5074260180396166
560,0.5416598655421933,0.24226964787939603,0.589301479208037,0.46535759160356016
561,0.5097349558624784,0.25415063834259055,0.5832698469995289,0.5382660590357197
562,0.5336706035298358,0.24791978827237346,0.5876722555956664,0.3835675624222176
563,0.5307162069771059,0.25482315469582295,0.5936799718566996,0.5154406178546473
564,0.6207152519688787,0.21229324391275256,0.584578861168983,0.5018161478810527
565,0.5538083298601738,0.2344982689490344,0.5902499607651625,0.5861560152305875
566,0.5201532128116263,0.25124523488819284,0.6182221707804303,0.5472323095230188
567,0.5296742197390698,0.29646853809082946,0.5901535494456174,0.44975603047816554
568,0.5245775328670838,0.254965371434245,0.5856502663019125,0.45826502053880475
569,0.5295999567166871,0.25074788106522145,0.3207381092374205,0.5179211664686004
570,0.6137626683014049,0.25557173968730745,0.6602700201616578,0.5159822329707429
571,0.6314042941764421,0.20980687206289766,0.49408487232020754,0.5242569534710325
572,0.5450213597683358,0.246067716990626,0.6217602615036731,0.6035303742578304
573,0.5225636147849593,0.2510845698218464,0.5928445795811988,0.5582335318132188
574,0.5291122270096605,0.22890177678264015,0.6024662613989133,0.5399879615588549
575,0.7344976127879427,0.15721059052080194,0.5831235591282723,0.5704174805802708
576,0.5597462398457074,0.210899502526011,0.5858979132789703,0.6380387521183291
577,0.47437822156774057,0.257764830226006,0.6483630610467574,0.6449388719488002
578,0.4705755879156616,0.22451099761846402,0.5758336402898132,0.37560361866660147
579,0.48911976418350517,0.36400058291031956,0.5365574171782249,0.548210010458331
580,0.5545364430607497,0.2060447750913325,0.7235572435041484,0.4272365856652759
581,0.5331369866533084,0.2988141962706082,0.5402219993413627,0.5739645736480639
582,0.5232033163882975,0.23689928778623787,0.5831420930851559,0.483627698189601
583,0.5304752157816292,0.2567743720358833,0.5632948870134371,0.5501409626372726
584,0.5520217351811524,0.25157327053120654,0.7621548714657946,0.5348361792681527
585,0.5333120038604642,0.3374580353979689,0.5145471462070035,0.3606371074149486
586,0.5211788279640149,0.23918001130465863,0.6064177800882995,0.40649406934962773
587,0.5292154051072978,0.2554268719178529,0.5275534777022273,0.5306514317276947
588,0.5434359161776174,0.25421102210141294,0.6186939467252008,0.5349172099192199
589,0.4420510079331206,0.2494671481452742,0.5760558313486417,0.5543328981318426
590,0.463272791475282,0.22312155784386328,0.5881773379377919,0.5451935433341959
591,0.6995622307560139,0.21274468033210456,0.5921255732943416,0.5805977052792545
592,0.5569154939053328,0.20417431581167775,0.5924129609767418,0.5954569301166673
593,0.5354015285244019,0.2851423294704289,0.6342210044126637,0.6136488696308504
594,0.47754927019262045,0.2401076215235101,0.5869515180443349,0.5005526539741153
595,0.5043509938959948,0.21631506786715593,0.5867521674847949,0.5489006623179661
596,0.5261903109412848,0.22703778755540088,0.5701979475105614,0.590595618420968
597,0.5751450822848894,0.2511603292320217,0.5918927529791669,0.591495923804372
598,0.5367318052277918,0.24783327707306582,0.5282178942132308,0.5453185003510717
599,0.4456799474569728,0.2544871829726569,0.5867913298943839,0.567990810789093
600,0.6011381422768447,0.19800863936629887,0.5864767595874721,0.5064777753123685
601,0.6311262864297279,0.27236407253641726,0.5977147891022627,0.604672561842988
602,0.5607251354880168,0.21134544997955798,0.5910243708769094,0.5265444435573724
603,0.5085961345477831,0.25754829093392945,0.5922913541045736,0.5883013759852151
604,0.5220938646034006,0.2449471594937447,0.5348927990482213,0.4082470190392072
605,0.5287195324650353,0.24197613821239877,0.5945357534554373,0.5213726052014818
606,0.530049386164425,0.2572756561055017,0.5844165745188444,0.5517455289804283
607,0.6601795658632854,0.2527436400726975,0.5791469220142491,0.28473333210521445
608,0.4995692806917412,0.2067322622929544,0.5884259142153804,0.49147832512576817
609,0.5188669718784263,0.25640433761040765,0.610680627981621,0.5900437475085766
610,0.5285402461891617,0.23207317079535994,0.5798092470869223,0.533806734880683
611,0.5264609655957099,0.2608084214950498,0.5884531821975558,0.5670133073686912
612,0.5271471985378674,0.2501772242449961,0.5486913538105456,0.5314943842969863
613,0.46263032971357365,0.2554541486332861,0.5818764902620828,0.5409935691686418
614,0.520402125135002,0.23588763318868344,0.5520929171250465,0.5393790579016134
615,0.5281151152419331,0.25686844954584837,0.6976542582731455,0.5648336291592927
616,0.5300202346940432,0.2603166108346594,0.5583311364953041,0.5492129892278698
617,0.547568131177415,0.3018116682503751,0.5940850412320179,0.533611261939121
618,0.5323343234523343,0.23412500221585478,0.3344143141863773,0.47254190106776284
619,0.5304576955638742,0.25634071704666533,0.6488088047308556,0.5806735894335765
620,0.5306656495063111,0.24165900859250447,0.6410543942673902,0.6370580106635264
621,0.5284057788096573,0.2680563748270751,0.5719135492441916,0.5697230493816774
622,0.5301077847663543,0.2423904111522582,0.5809499240629313,0.5225502198043427
623,0.41815630061857134,0.2601441989629407,0.5914595855113524,0.6528578459527952
624,0.5007264378800845,0.24014634078595587,0.7386922357061663,0.546168478842005
625,0.5288697511163455,0.24061774387442783,0.5645603827934927,0.5542484199847214
626,0.5301736353966352,0.2875990495251838,0.593705437311985,0.5428842373998917
627,0.5421802305325117,0.23430519689781493,0.5817208829372719,0.47531677795750515
628,0.4822727990046966,0.25936073406447124,0.5875008467452979,0.5523158896957735
629,0.5200905885383704,0.23514906738379762,0.5087513711385441,0.5341112401881829
630,0.5287081116195644,0.21890404532674307,0.4877206429914755,0.5694308921832214
631,0.5299479210227539,0.2637559302029139,0.6131633320166292,0.5915579001775267
632,0.5299217072412034,0.28715867217084534,0.5578173094346931,0.5287507918425274
633,0.5910360160015377,0.24486858413346013,0.5829139491732843,0.48739305477182776
634,0.5369287084110003,0.2154876768038483,0.5803902849389644,0.5228148776067482
635,0.5304581937570984,0.27095358656978435,0.5873084368291308,0.5877086987076993
636,0.5330244323828902,0.257894072917735,0.5776465896196347,0.5187284656536589
637,0.5328241779783247,0.2377531626489946,0.5611635076666773,0.5276352195314197
638,0.5306105556762489,0.2580190600250234,0.5996401642133706,0.5610248713177687
639,0.6272974786895046,0.22967002766708625,0.5777588625589056,0.538837443468592
640,0.5480615696448219,0.1934337927911074,0.5889355432398303,0.5629582697836846
641,0.532493528014893,0.2682254395314998,0.6998218407876532,0.6199130244876335
642,0.5115336817713834,0.25340044912668774,0.5315318314309508,0.45363331471378077
643,0.5663041560419255,0.28482220465609415,0.6520369861093002,0.5331980947644581
644,0.5302709284875519,0.23657040071832433,0.5662657924198664,0.48537231971949973
645,0.5314267554368124,0.2591830873718491,0.595084019406256,0.5608462619486556
646,0.5272529137923283,0.26603214185265334,0.5829520722734773,0.5286872317721563
647,0.7273705413589,0.24287088833427004,0.6110936071230876,0.5154129538555541
648,0.5668158041391375,0.18370432821486113,0.8909581092877316,0.5437098612704916
649,0.4200477959002543,0.2606820240622929,0.5633291513549376,0.7039112526519582
650,0.5147209356705028,0.2106815699020492,0.5963391155088766,0.5151520953921149
651,0.4718989874087461,0.26083547797192413,0.602750250759596,0.559057686554935
652,0.5178915259350534,0.22473846570117004,0.6808041431351407,0.5625956214369888
653,0.5392702206393198,0.2659986817184193,0.33552418998225025,0.6269615680605712
654,0.4851878215998339,0.2795235868061463,0.650095108323827,0.5632990571225727
655,0.5243720915439511,0.24484352062737413,0.5696266652762008,0.498325436731983
656,0.5293256753460165,0.32319205826548386,0.5941818557140475,0.5423818803035716
657,0.5387872484364721,0.24409664110774157,0.6478552125235968,0.45818818868948086
658,0.5114938530300779,0.25975628274916507,0.5778305024503957,0.5311551186602116
659,0.5322431731989692,0.22282597822683745,0.5781369114494508,0.5252852273123686
660,0.5294003730798901,0.26248830264520967,0.6184991449161166,0.6461029029186748
661,0.5523315165100956,0.22043078274040775,0.5655766372212753,0.5399235317316498
662,0.5333859769519206,0.26873223498988247,0.2898983528851523,0.625570768160165
663,0.5362824611044131,0.24915701880894914,0.6661825838461279,0.5620409797211017
664,0.5804630801358257,0.2534918959226485,0.524571383851265,0.5415574918894628
665,0.5640348977790189,0.2352077646898869,0.6030418192273915,0.5269419890301051
666,0.5350777305718241,0.24400559853394296,0.5848165013512407,0.6084754370498591
667,0.5377917872850705,0.2553953395212849,0.577168301417689,0.5625468239454355
668,0.5312801128502616,0.25086810453513947,0.5891238973041847,0.5645810780407305
669,0.5317582139213327,0.25528871857475016,0.5858624794498877,0.5576779451655345
670,0.6175584721334824,0.23169461976152422,0.5866356708956585,0.37741477882197216
671,0.5284618760728242,0.2274361971890806,0.5865538448569757,0.5292765929663187
672,0.49284125284127095,0.2947215607671364,0.598469746659682,0.5521699742206361
673,0.52678856555331,0.15032854156732814,0.5771748883456265,0.0
674,0.5253972810500632,0.2813722004124751,0.5938044174882559,0.5440627789514445
675,0.5666932180134083,0.22376529708176138,0.5588083483416744,0.4962499205289343
676,0.5476439612327965,0.24991288786741692,0.592223050867566,0.5898877857311309
677,0.5373188424447297,0.25306801639730087,0.5918433580325044,0.6367694672040815
678,0.5312100707669155,0.25140583090212903,0.5614111663727094,0.5540928382692981
679,0.5278495025530038,0.25070955805223694,0.5938215340881313,0.4609301876878929
680,0.514078401071163,0.2542574506244392,0.5879674499908701,0.44523104940103675
681,0.5237842524706976,0.2558794527513944,0.5874642740172316,0.5178392297225921
682,0.5292483271842614,0.24659256391966908,0.5854532631149449,0.5239685482979043
683,0.5100012219495883,0.2558855352452442,0.5962480158193012,0.3312734086480003
684,0.5480600840909792,0.2587200682446506,0.5842833385007824,0.49271948719182107
685,0.5375420714218874,0.2339903520688512,0.1446723353896658,0.5386544822862697
686,0.4807844035932874,0.23387329128358675,0.7000485219293989,0.6035746780742386
687,0.09538708227350542,0.24516141503961375,0.5561420642054755,0.5726574938630428
688,0.4934470655247884,0.11734898013404489,0.5570874449688886,0.5446988865113135
689,0.4844381395436118,0.2835143103245953,0.7959523480395437,0.6771193403333208
690,0.0,0.3557362647943745,0.5444269362869456,0.558416393351342
691,0.3524643487198733,0.018240319589463788,0.5998975051832965,0.4486796591919672
692,0.5045806016893427,0.252777246292852,0.8502124522998091,0.6670896444460122
693,0.5766421997703505,0.24589218050762365,0.6632955349926564,0.7477050223045458
694,0.5527867039762141,0.11792813264201348,0.5301831667074838,0.5342536037212118
695,0.5987788209341789,0.2831500162692377,0.6033691667338841,0.6705638440935248
696,0.6572084391857451,0.3071321314104399,0.5513713766394926,0.5156381576101984
697,0.6845137397604525,0.21213758505469166,0.5771299880438007,0.4696806935467392
698,0.533525105978088,0.19726754874017835,0.6175199852105963,0.5816798050106412
699,0.5304993296044909,0.3738065490357105,0.6151683615000142,0.6174921204543251
700,0.5249884257633121,0.25516236711871615,0.48865124650426517,0.4661553921993146
701,0.5294299245988178,0.25235475325845186,0.6483946100828207,0.5476066255685573
702,0.5291476777853084,0.25296723547944916,0.5720101217852149,0.570962595556877
703,0.5304213285701439,0.25810520074209914,0.5920153457901726,0.5357172171695869
704,0.6608658634565473,0.2835707623697011,0.5856930176548455,0.527816917707206
705,0.5415439284038803,0.19768094393165214,0.5867831733078264,0.5021925993434802
706,0.5405207706911345,0.2610168763492729,0.6128235241321391,0.6044097062599554
707,0.5121955256968428,0.25031542565536596,0.5793993603740542,0.5391231745480667
708,0.4816115473994958,0.24961904659739168,0.5947346042302245,0.5408681799478804
709,0.5453563200159711,0.20385187589177134,0.737573495245138,0.5412145775129106
710,0.5323208465328207,0.23640434747823863,0.5381315834369303,0.6078870256745402
711,0.5304958618789234,0.24837328479031184,0.6006301932760948,0.5781341320381153
712,0.5950854099693549,0.26020891325013445,0.5841676893055757,0.5762281174818624
713,0.48949071695459434,0.2119355203942055,0.5884199849704244,0.532332602904044
714,0.5242967101043184,0.251052475301878,0.5460520109629023,0.5845107151900693
715,0.5967021211038872,0.25321410908357533,0.5997953026038919,0.5099037719055131
716,0.5165659349923947,0.21934082421476872,0.5829823429275778,0.5202314732964384
717,0.5285876854996631,0.24774485949590808,0.5936721588332137,0.5589949118859728
718,0.5471325894363586,0.24852592336168328,0.5896320697011721,0.5454077472234854
719,0.5499126827851933,0.24934622530971412,0.6308038719971315,0.544061137050343
720,0.539667921365059,0.23819247652274247,0.5751050787478532,0.540022954740082
721,0.5516282062383229,0.312753196696878,0.5901264812043601,0.5628352274813634
722,0.5357659304339463,0.2309032415474818,0.5801254887346525,0.44254243653686404
723,0.5415703824637441,0.2693171444826598,0.5890400884780811,0.5522769558000777
724,0.5330925233939041,0.2338939279513966,0.5809550891032927,0.7187227956282991
725,0.5152502514167259,0.24727685666986304,0.6098311302877854,0.5977182027459425
726,0.528052132421263,0.23009681751726885,0.5768481368137454,0.5747561336338837
727,0.5298453122664859,0.2503369963145308,0.587141829535085,0.599196715855637
728,0.5618856359093202,0.25751455693532393,0.607936453514953,0.5065209662228471
729,0.5376998799127694,0.2553757034548231,0.5831810501906738,0.6169106533201062
730,0.5343557219911378,0.2633732037427245,0.7509454064831589,0.5048803992711535
731,0.5309476313925549,0.2560009371296313,0.54283261846027,0.5162456168036478
732,0.5366868773595722,0.1542548603451511,0.5891219866892737,0.5316718809381781
733,0.5278952681277265,0.279055419807592,0.5924930002636983,0.5669015531304117
734,0.5303660565252435,0.246884592438988,0.5676751669324488,0.4760140682626725
735,0.5237962443700134,0.25978045245939324,0.5892050162310867,0.5369767544581988
736,0.5284442374232108,0.250294586020972,0.5837088997574538,0.4969855783243687
737,0.5014802847238399,0.2551343256931152,0.5823199572237128,0.4875368004536375
738,0.7634065670064482,0.2434290119846175,0.49296731947015837,0.5032401683183184
739,0.5690097713954865,0.1708815734509268,0.6157749562897384,0.5219148751466969
740,0.5182705164744247,0.2647838892817688,0.657482893375089,0.6208512335103019
741,0.5274876063308219,0.24054234455638318,0.5767955116854402,0.5298839553184422
742,0.5307363847283884,0.2544805631282259,0.5865530927530654,0.7301902463973707
743,0.5285643003397377,0.2543065106073398,0.6005642275738037,0.5915613822270653
744,0.5390879908627533,0.2538539962453738,0.5705317597800821,0.5406370422178365
745,0.53347477144432,0.2511430047552196,0.6405727610918944,0.5350079984197306
746,0.563721092404715,0.25915874652910625,0.6037011944245245,0.5350783091679117
747,0.061702229419835684,0.2387577391169138,0.4166293433641394,0.46211127295380783
748,0.471964994851577,0.08533862142446151,0.7442873005226921,0.5639808419169926
749,0.5220744663340515,0.2936071609725989,0.7915350415589139,0.6602609944800579
750,0.5513182691566009,0.23635156506980465,0.5371593900189329,0.5128730911888578
751,0.5297168866952272,0.2509212708209298,0.5997197143627327,0.5605132231699236
752,0.5221341448464923,0.27546813794285846,0.580886779279427,0.5442200617404046
753,0.4991152111632196,0.24494455934668494,0.6911928745696727,0.4755092513678334
754,0.5280740676161355,0.2482298004116129,0.5982478194017882,0.5330219468696307
755,0.5299861344876909,0.24876464164620213,0.5504794244373528,0.5416170617712878
756,0.42801038133612185,0.2525232988429955,0.5960790801899893,0.5364436671080764
757,0.5117914312202395,0.1968395700817291,0.5856485068556175,0.5436770644958776
758,0.5275157188433425,0.23799978080683803,0.6051787784856695,0.622320723171326
759,0.494646014040551,0.27189285825225806,0.5505971981328384,0.5716301523455829
760,0.524052803852003,0.23617543691467588,0.5961402818631348,0.5225371161327818
761,0.5292726763999726,0.2538823834292345,0.5932379901828871,0.5113982493514522
762,0.5262946147615399,0.26166153423543853,0.5636420793468183,0.5174237631199008
763,0.43986128446360945,0.2508717515677203,0.5926343377577872,0.5163337977364882
764,0.5497831804679394,0.22256307585724908,0.5302173982174028,0.535971719720831
765,0.5333715848947327,0.25602081976276947,0.6143016450276748,0.5871203858549401
766,0.5315755751933573,0.2572999964412418,0.5868874745351408,0.5362035860901797
767,0.5264909398512443,0.22373628341977161,0.5969230369058839,0.5618223965316763
768,0.529774211499683,0.22829447717820378,0.5846785107998365,0.5896543430446539
769,0.5237298536335213,0.2606631966422629,0.5881009667342225,0.5788729399273344
770,0.5292131028138687,0.25014049739193506,0.5866678777699627,0.5323015197667185
771,0.5301028933532838,0.25513266610978635,0.8082480813466898,0.6237854132255052
772,0.534571069943675,0.2507029035483024,0.5365864567978897,0.41230145666062307
773,0.5267365527352872,0.2546130432339902,0.6008985403449638,0.5210221640649869
774,0.5203128860823996,0.253168878647221,0.7338910877183202,0.5281700807445102
775,0.5708285092577742,0.2509682051472263,0.5209900494415295,0.508605819142469
776,0.48074728938574657,0.24017077519604146,0.613986006319803,0.5404742131975202
777,0.523198615636001,0.2586037700794974,0.585191757731158,0.5273700518514995
778,0.5291468740106917,0.25028835252162834,0.5880536864047545,0.5256851464428671
779,0.5370633205071995,0.23393993794300869,0.586126921359153,0.5370085434732803
780,0.5295825210112047,0.24343302494972185,0.3623782053550263,0.5642834616746537
781,0.5074476672536876,0.2662837299347104,0.6698916283958878,0.5269930449993653
782,0.5269283080028287,0.24229800612291383,0.5143160845248751,0.49939645248750564
783,0.47817667772600975,0.2566607805699183,0.6053069166932837,0.5535462848826628
784,0.4983216718001618,0.2348725348979024,0.5811382367677228,0.5322919932274417
785,0.5255653995074202,0.24800140936851275,0.7605437859104841,0.5728602095433487
786,0.5295478861681655,0.25010427628011805,0.5646748824573374,0.5462487434647821
787,0.464978950876359,0.2552449943255065,0.6375347308881675,0.5439706464553725
788,0.563739483639481,0.2324619302801241,0.5686020903937656,0.5254483226334388
789,0.5350359878623209,0.23996930081424042,0.5960482981176388,0.5914012514475755
790,0.5712236711003558,0.2565609243540077,0.6714084966788072,0.5793430402871587
791,0.5649682652454476,0.23847984731846958,0.5593199220588174,0.4563619770266027
792,0.5352195733150186,0.22615779536364847,0.5963113872475405,0.5444818554041321
793,0.5295667150151717,0.26005652208013175,0.5831362440582794,0.5756689829132635
794,0.47103788974649186,0.25299016338997843,0.7097566876714076,0.48636010758141407
795,0.5430050863695756,0.23278687169369114,0.5502256721530173,0.5217933349397909
796,0.6102743011596345,0.2495352429370946,0.6017023594074864,0.5522648416534518
797,0.5418810940310571,0.24664830305321012,0.5818131752903891,0.5515387358883237
798,0.5318781311728842,0.24981035337976493,0.5922326762615862,0.5710402851825481
799,0.5153130152953708,0.2602197595381551,0.48815820275751515,0.5480934577224157
800,0.5065317502870174,0.24866358897430593,0.6126711214825669,0.5359018537530398
801,0.5267329313067817,0.2471511283897342,0.5794758580723834,0.540355980264937
802,0.5683388086124965,0.28072225983273397,0.6820272206499656,0.5986382664515484
803,0.5353107918403371,0.38002723315840575,0.5611228492549344,0.4791132697921216
804,0.5455906321258968,0.22589045776957334,0.9193209380780965,0.3980737044223272
805,0.5338423377921926,0.258156845460416,0.5507365215255329,0.5682252982047838
806,0.5306881548324394,0.25207696135327995,0.59656504984879,0.537349084051321
807,0.5185691582181372,0.25477213129022314,0.5862191318313877,0.5368110194554571
808,0.5275222938212826,0.2229691746846199,0.6123658300218472,0.5245749407643814
809,0.4947962271978667,0.2677908027622692,0.6178626599884433,0.6075496600678103
810,0.5387383063022682,0.2324593461420275,0.5766981790196483,0.521749576294786
811,0.5343435449247582,0.11974521493507355,0.5941691698800613,0.5641872446648397
812,0.5124403358312929,0.2907512977810711,0.5769077620610658,0.6696473621217429
813,0.5215946183227085,0.2369742665559009,0.5965676071521981,0.5073101693895005
814,0.4832797252031649,0.22503182808561115,0.5842645431277417,0.45869555596586536
815,0.5234950164533699,0.250417742895621,0.5860469253776954,0.5606366378699166
816,0.5342382582689141,0.2530341637255014,0.590111743592605,0.5569269122899108
817,0.5168642893989721,0.26622993128298617,0.5294112023216516,0.5635018441178322
818,0.5267434043616818,0.24553160001856447,0.6035090509125555,0.5002329226560058
819,0.5310284232147316,0.25521716984844606,0.5325319567896424,0.5463234268732733
820,0.4394623363538576,0.25404031243255065,0.5813991572452959,0.5395110019634685
821,0.517408728212423,0.2293317524676647,0.559782248571346,0.5358418197964274
822,0.6134345321851673,0.25672026591882063,0.6065452022835186,0.5893128900985621
823,0.637121523136845,0.2713769830602995,0.7244963349624276,0.5388270942425354
824,0.5456383093751562,0.209528593489591,0.5990278976945264,0.5969237085838909
825,0.5324161795878466,0.2609998589143047,0.6033131671156905,0.6071272735378149
826,0.5404594606222187,0.2490079653135874,0.544742815698192,0.5359252121734505
827,0.5389662861826914,0.24678186970652013,0.6001825596054445,0.5448772271725051
828,0.6031628323076771,0.2366433516930547,0.584261414216517,0.634476210914635
829,0.5412838429045508,0.20261664916329308,0.5872679137200212,0.5790603175188904
830,0.5330049802330095,0.26429420266393683,0.6021547937939299,0.6128530907470112
831,0.5317690692950157,0.251433557683319,0.5855799815027273,0.5283808693652899
832,0.6418009780433559,0.29344188701595747,0.6072739804209348,0.7224424842079571
833,0.5324874624735266,0.20193770926694685,0.5808002977256168,0.3900228121641303
834,0.5827534794190877,0.2224000779443699,0.6073078986716024,0.5813709585426005
835,0.5385934359306371,0.24953659064946068,0.5591573846321453,0.8172340761354349
836,0.5326975847417627,0.24731397280016446,0.5978176044031912,0.6145710609658347
837,0.5229062040404444,0.2597199136067031,0.5277228907828384,0.5796718180533011
838,0.529134448153835,0.2501693513086365,0.6021474560749416,0.539774135851448
839,0.5204623343323957,0.25378506772824566,0.5731042856819597,0.5385750160123665
840,0.21709134519280332,0.25037921588669443,0.5413175904113942,0.5363187729285585
841,0.4858034716208655,0.13790334258201062,0.5158398536677543,0.5728611787504483
842,0.4862245916372872,0.27341204175072165,0.7257026791534901,0.6704939356101712
843,0.5239221309785097,0.22869733726506083,0.553139864218982,0.5258895449194584
844,0.49503766938190535,0.2589634593855739,0.6167429220522184,0.5715935718105933
845,0.5247845719681653,0.23770476679921537,0.607483201283202,0.5313703789302243
846,0.5289371351573374,0.2545310801519079,0.601495843545389,0.5560881702079039
847,0.444579966335157,0.25787581038528856,0.5824244804304148,0.5456845886329444
848,0.5178314209188897,0.2389728755566627,0.6066259992162227,0.5178278614077347
849,0.5261411620187865,0.25369074802644165,0.5930903722650684,0.5468329214599387
850,0.28945973144015996,0.25303870573944354,0.5888074187802469,0.539680166080263
851,0.6448156451093345,0.17459767476138024,0.5846163569452123,0.6100475583054832
852,0.5514517376687581,0.23931478467177197,0.6412212690643169,0.8855721333362075
853,0.5355389279283256,0.2494877781476638,0.5923363332522478,0.6064014835738004
854,0.5310308804717002,0.2594068008018569,0.5814588658245686,0.5537030806315789
855,0.5487070376549457,0.25256985760237255,0.5671633469033933,0.5284216699957941
856,0.5318480474420917,0.22781443735219362,0.5894094446821198,0.5406576766643179
857,0.5428635475248849,0.26063366117099696,0.5862356455194188,0.47930344620477233
858,0.557291630496637,0.23943282390619403,0.6097481712752649,0.5211528663313323
859,0.5330039343647532,0.2502033107492822,0.5824582575646795,0.5509599181632044
860,0.5306874839863184,0.2586871079494761,0.5899685929466524,0.5368040182295477
861,0.5306842495394045,0.2616592443235288,0.5871747191176568,0.6006643489456163
862,0.4794731055378136,0.251947847015363,0.5883595216569578,0.5271951598583671
863,0.5251289048334232,0.23474575635374603,0.6060707763703165,0.5477585140084271
864,0.5294505430493239,0.25774647598816985,0.585180307442515,0.563490309442546
865,0.5802007126629926,0.2530752682220909,0.6328366881175628,0.5657487811097212
866,0.5378954825696619,0.2329954704241004,0.5740819144750353,0.5371734305732249
867,0.5223828581482048,0.25789919744762424,0.593868160062529,0.5671879769974177
868,0.5293427574641885,0.25835649353671,0.2748662279706867,0.5324708638027835
869,0.5286793443023823,0.1993332387966438,0.7446255931866357,0.5615805059756547
870,0.29742081917470475,0.2754284115962976,0.5011206087124697,0.6659618088257759
871,0.496446653485262,0.16854102298474577,0.609244951419888,0.5077047568762113
872,0.49045095575866227,0.24639758263473366,0.6705257570653558,0.44744798499623795
873,0.5754168673108295,1.0,0.5746976417184625,0.533551314766706
874,0.5380338587714906,0.033667738239707146,0.5921057990660997,0.35953702213656996
875,0.5490539058043958,0.3140208122729857,0.5885441808719943,0.646505389859907
876,0.5345456483736528,0.19387236107686648,0.6015592110543871,0.47429360762679945
877,0.5307666906843326,0.2698207504973931,0.5787331387605357,0.6033083694214505
878,0.5393575974178161,0.2497207546852805,0.6342877939182936,0.5266757067268996
879,0.46726523957737853,0.25372998160728266,0.5799615808025894,0.529430869346745
880,0.5342001929259632,0.23008369719261618,0.5642809970248979,0.5332721493106094
881,0.5307546030299727,0.24847088959157573,0.610848472863897,0.4462577227618531
882,0.38637460698013054,0.2421446613989482,0.5801220036727543,0.5005883009160993
883,0.509337367461095,0.204616993109931,0.6156253201795752,0.5392853247557888
884,0.5331030550270885,0.2560835954406212,0.6620347784935795,0.6074249491828886
885,0.5291491269606675,0.2529033605053974,0.5770966418917591,0.5402815268592367
886,0.5910243249429604,0.2973486493904039,0.5900505591828965,0.537646898082744
887,0.5893490290766348,0.17475220760284263,0.5678640378785229,0.47354127757334835
888,0.5355335186114425,0.2546324624900417,0.5903527571672417,0.623625043699842
889,0.5240145070362369,0.35352269622728044,0.5877578077141649,0.5522318051022651
890,0.5292063745564605,0.22493739806833368,0.5897223859705713,0.41023208985668613
891,0.5286473689148927,0.3166724330716128,0.6500908773531385,0.5530162080144221
892,0.5398739399336583,0.23618675710621662,0.5528307551376371,0.451305049869716
893,0.5635305540474346,0.2950338609023707,0.38440194290801666,0.547472310422628
894,0.5427997067941186,0.24177032402251458,0.6391869090432384,0.41922295462692327
895,0.5408039801843603,0.2674712124215167,0.5740975978770603,0.5516287017479472
896,0.5317164503308296,0.23159840991376104,0.5952068651166866,0.5156991633817362
897,0.5303965720050898,0.2864064239524125,0.5856659440376992,0.5594646381216476
898,0.5253657389180467,0.24517907001808484,0.7052722960838239,0.49401287395186555
899,0.8167344214811855,0.2541743175704141,0.5548221158851105,0.5189112442800057
900,0.5915726134302904,0.15391439496887052,0.4641696359057178,0.5314970188029846
901,0.5451662456531056,0.2581034844033569,0.7269533733465838,0.6604008449810895
902,0.5281554584443818,0.23285914632278013,0.5552092413364813,0.5470946754718687
903,0.46761876717702344,0.2596305257190575,0.44817198140093456,0.586231197804693
904,0.514458734586684,0.24135145483286077,0.616102288609999,0.5602520999643879
905,0.5269112655244681,0.2517431822425225,0.5845223754051101,0.5591551655535292
906,0.5291750165960013,0.2565245077045796,0.5760395883774271,0.5422375974098114
907,0.5372725616103398,0.28191354284268544,0.5892718715661236,0.5329437084066131
908,0.5305348170111768,0.2438972611717684,0.6178961566234552,0.49413673234440053
909,0.5374486194154541,0.2571097801819555,0.4030442623300705,0.5403021999936646
910,0.5348550860259972,0.2473259031352178,0.632944596705925,0.5508357499900811
911,0.539655769207225,0.25269571251826434,0.6441962015133299,0.5492612831585175
912,0.5315482579676795,0.2512474281467746,0.5443314021593836,0.5200202957986271
913,0.5428691161754511,0.09636392658583437,0.5638281565149789,0.5372422203347825
914,0.532230407045879,0.294239432470189,0.5740911961669597,0.6739507065379847
915,0.530836852935864,0.3027752202675309,0.6214952239073211,0.5168373893122328
916,0.5302548437443504,0.24040614996749252,0.5252857154424888,0.4612022260019932
917,0.5301848766136529,0.25820867154557026,0.6168264767263822,0.565021866947737
918,0.5306960858409242,0.25002895197514136,0.5799150916715383,0.533031080720574
919,0.5387676084149394,0.25804477129307624,0.5882368400654772,0.5465000549385615
920,0.52593118277157,0.2497454202183037,0.608754798362528,0.5262304424880347
921,0.5293052600100819,0.31905119292382716,0.5867626248473777,0.5434667298239152
922,0.5300874099818694,0.23683363422731024,0.6928604396705529,0.45246483065099063
923,0.564309975031888,0.2612543619692961,0.5580869719864759,0.5401152627655077
924,0.535129896503241,0.24024669689570088,0.5946066755470311,0.3303109130368265
925,0.538251308725357,0.25582558452898424,0.5818096450887288,0.5142087868455913
926,0.5513752947266249,0.0826706417067653,0.6191337711860377,0.537796830330024
927,0.5332669374028458,0.29394749995314423,0.5777584148518866,0.671830432713196
928,0.621257786043131,0.24555589291182536,0.5902046769994961,0.4636717232768992
929,0.5283206906426444,0.14993612834188683,0.5843935759335787,0.5014576254522514
930,0.48595850766513154,0.28397135912249094,0.5876847712022223,0.2633998829725677
931,0.4981919706312612,0.2303780422645138,0.5853529056720603,0.4558622531249309
932,0.5162996953554799,0.2512205061898897,0.588949458377352,0.5283843937754105
933,0.5252160830089388,0.2501150660960211,0.6165428477905288,0.5369409954976546
934,0.5292458177141773,0.2538148683665754,0.5786895101252273,0.5898398384925301
935,0.5315596870430299,0.25360122779859606,0.5920436762250084,0.5452628871713417
936,0.5288757768704062,0.26995445337417157,0.5851075675355981,0.5364304372788207
937,0.5275951573112986,0.22306039122518398,0.5286697258046522,0.5024581345164273
938,0.5350909818444659,0.24697825026947598,0.5778844768291039,0.5525234672608823
939,0.5308487525014508,0.244832982382524,0.5885072773925913,0.5485105372484578
940,0.5306972529228969,0.24890834864348016,0.5881639672739323,0.5133397097209752
941,0.5291561556004829,0.2589041253075307,0.6025069378377317,0.5376707674661271
942,0.48999872919766296,0.25242083239410995,0.582276985812793,0.5262235524292894
943,0.5243604956397736,0.24587210122278105,0.6285142894097524,0.5424720693779975
944,0.5293255088096168,0.23162838637600555,0.5703099313396265,0.5440741509314593
945,0.5314917052425445,0.25939734857210883,0.5992563821178477,0.5923553513714889
946,0.5303694002428485,0.24700655820862877,0.0,0.5442729414274144
947,0.5200802317590049,0.25630397080560335,0.7427844027210639,0.5345770115932118
948,0.6007170203908396,0.2500804377592394,0.5443544972982083,0.9297798776564624
949,0.5042718014266205,0.22947826364052562,0.5978199535764167,0.5898660621507955
950,0.39430845114750507,0.24855929398012386,0.5959774675063468,0.563740725093253
951,0.5051650554436876,0.22540801798948312,0.5672450385519368,0.41059189378584193
952,0.52362475519979,0.25278036718458463,0.6349606442815907,0.5825935176848142
953,0.5320008195274543,0.2573992697675233,0.5739181695216522,0.5413772003060023
954,0.5266114678791639,0.30151612296852315,0.5601744640400278,0.5216721679270666
955,0.529661508088372,0.2631622277834149,0.593490522635068,0.43635075523483696
956,0.5303975828028766,0.22900409603831196,0.5847123200126739,0.4711702800795907
957,0.5371163016748205,0.3150646131944007,0.6017199188278862,0.5598151933258891
958,0.4414813661475505,0.2345306765781344,0.616588101277335,0.4515434472927919
959,0.5176225862975485,0.2301622732443039,0.3759473601767221,0.537569184907196
960,0.48920592047735706,0.2564914013970361,0.6533784782711567,0.5933883635338144
961,0.5526427965264508,0.23852599471344232,0.5620015165663563,0.49868453048466604
962,0.5239236944271963,0.25045399053138273,0.6781642605883956,0.5526011419397279
963,0.5222538846849342,0.25444800670096124,0.5628173838765497,0.5391390217865181
964,0.531822060601603,0.2575153308229175,0.5908352268795551,0.5365545625120776
965,0.530415061317558,0.2442388022630827,0.5549046453091541,0.5296095451364858
966,0.5301884328593304,0.20747024559851046,0.5926718861736591,0.4535103687058772
967,0.5372387089753582,0.2664463823396438,0.5847670230090454,0.5827773437553105
968,0.528561883926085,0.22245913639143075,0.5869309032522809,0.5235977080290187
969,0.5249943613055718,0.2534499007059829,0.5864408256330267,0.5795361952719751
970,0.5510410410115716,0.2672494475179821,0.5959720478125127,0.5341822304118229
971,0.529603239149909,0.24483253586636905,0.5846033677875284,0.516853341563645
972,0.5302173500542203,0.25142657948730035,0.5881957900198272,0.5443945293846054
973,0.49111554943085783,0.25201449124725905,0.5860260013781404,0.539831197123479
974,0.5245217990020021,0.23827585969781404,0.5895795457690027,0.5500543976873941
975,0.5286568882352214,0.255509847991992,0.5881610448519581,0.6220082640936535
976,0.5311092871765611,0.253206581917487,0.5857897362897028,0.5483374909461202
977,0.7608504335216997,0.25428280221040067,0.5856013392246951,0.5378532515889312
978,0.4135024434455286,0.17615903201863797,0.05094035513339025,0.5343994397720522
979,0.4936194625388463,0.23293896999928193,0.8054460248833352,0.6692912985530243
980,0.5241149306338629,0.18047162811363562,0.5356767334964084,0.5877051430289051
981,0.5293534024562361,0.272902989611177,0.6009748068585659,0.5718896879137375
982,0.4644755237199942,0.2486369417139367,0.5808568194187357,0.5226868336593545
983,0.520662522460715,0.22982556953017633,0.5524089989622644,0.5086743031066457
984,0.5165886783121214,0.2621524900051962,0.6007298516566999,0.5187802591162949
985,0.5282163084383087,0.17112406830918647,0.5563630395036041,0.5196552453358925
986,0.5121790453886856,0.2602102055667993,0.5860126310865127,0.6442029333159802
987,0.9842411667566384,0.23933595641159672,0.5821951901185127,0.46651658934404305
988,0.596113838616421,0.12487076286210812,0.6867644305915317,0.5878392052296606
989,0.5471589990871847,0.25657678655538396,0.7789158661247799,0.667568490023613
990,0.2651560018337011,0.24624633155770764,0.35969492933091807,0.555135756571887
991,0.480433289947176,0.15891636118516939,0.6308629172294439,0.5750456615762938
992,0.5228730365174185,0.2628102334350306,0.6835438455276012,0.6487197403445768
993,0.6328771658350131,0.13300421211414068,0.6435494186506451,0.5373825827752019
994,0.5326233999281459,0.2505125815384532,0.5672295783823551,0.754890606541623
995,0.5316328916341084,0.25244486498370183,0.6072112029024137,0.5814013206367998
996,0.514774379917773,0.25459710669075825,0.5738027299563165,0.5408199883787526
997,0.5278993372619193,0.2538664158964129,0.5898517648252097,0.637997275731567
998,0.3826375908311926,0.25361920357103446,0.5814813614806882,0.4864787901059936
999,0.3603341764793505,0.19512657188640453,0.5862061150950294,0.5262229237638968
