,V1,V2,V3
0,0.09283779620423983,-1.4139765891300753,0.015108387967226024
1,-0.5469458365452785,1.1821488288639128,-2.2458017355741826
2,-1.0271473539515164,0.28413632557985385,0.2525503666765685
3,0.3551308441742321,0.10574107983264476,-0.19580292399966479
4,0.14118865351353105,0.4825007560222361,-0.24442335525749967
5,-0.1509677296751336,0.7364273828525183,-0.1024318846499787
6,0.7756891604927081,0.19135584475079728,-0.08954168986366826
7,-0.03109184066546672,0.3211203881166662,-0.14159209279161622
8,1.973561170247826,0.42854858056298023,-0.0785298522406318
9,-0.06898408037156065,-0.39795623201028274,0.045573262052041735
10,-0.17466271376628267,0.7118666399551961,0.04569769645303702
11,0.5196211317249344,0.21805800791993243,-0.16374289368266423
12,0.02612566284272799,0.11193609049600806,-0.12963538155933774
13,0.048567345471050065,0.5314872083903621,0.05565059020572016
14,0.2295190743487307,0.3445115494947867,0.5565593732692534
15,0.12410778020537822,0.4540564981475968,-0.4306836470510409
16,0.21226697678700193,0.3675029576384937,-0.3738685089922686
17,0.1902976670203868,0.3528394672409928,0.0715822491343867
18,0.1382572448629981,0.2783517138944852,-0.19744582420229922
19,0.7037889375184904,0.2810350019537431,-0.087647279737719
20,-0.22170198142448294,0.27429365370102177,-0.1384033361511847
21,0.14840030126477458,0.43490937037047034,-0.9801880011245647
22,0.23126675986905948,0.3928968128014389,0.06533001505788932
23,-0.01753078688254786,0.39162947893339195,-0.1715278290814989
24,0.5635566944743504,0.3626873365961468,0.17496289250871103
25,0.12045536760536249,0.3270504345565421,-0.357844839918681
26,0.1319277666065562,0.7390827762414212,-0.12889621321592964
27,0.3105212955906021,0.2575987649189943,-0.05312334630359651
28,0.05389321633276134,0.4271308425368348,-0.14765724357009266
29,-0.13987795711043186,0.40127040540613085,-0.12024246348911442
30,0.2654222896776201,0.49596741159260027,0.3246241119705886
31,0.2676436765640992,0.1949617876931342,-0.40313358446414804
32,0.0519374909844,0.4589005330313442,-0.07008274672845567
33,0.19919378595268428,0.4052523425072468,-0.016838075486555137
34,-0.8072537236116551,0.3147661138360351,-0.1588006097231858
35,0.20280525017172626,0.2634446376711089,-0.12483851983862443
36,0.08216518546098382,0.4401617428309891,-0.04179337454988415
37,0.18823641729580995,0.3797441629625149,0.07698609364754375
38,0.4115029499691307,0.39571107603277933,0.031015364237360787
39,0.10646976920963096,0.3534230982807103,0.3499142099080953
40,0.09865495318169351,0.3621357989555346,-0.2765529349998347
41,0.23833837098964966,0.19156775802732204,-0.1044498427337907
42,0.05425703811036646,0.4757129355024411,0.1708581831762125
43,-0.05049122863495978,0.4550668314080425,-0.19480432817847557
44,0.3932717232100782,0.9598139578590168,-0.16945584758234178
45,0.26240481368098667,0.1278245479838426,-0.12604161937530606
46,0.003929588982683335,0.4936285965008568,-0.11833347956467916
47,0.11012308010064684,0.3600223319520269,-0.16768802567665259
48,0.153114283276453,0.3721101931355513,-0.10108757210994268
49,0.27133455792040606,0.40375643036440284,-0.1408391455736525
50,0.13888228893577756,0.37317482487174625,-0.13773040247902735
51,0.15630426347783574,0.4027165689263176,-0.14009204558156668
52,0.14984495548676852,0.35059140705512637,-0.13183950952947238
53,1.4143671837957073,0.27519007074855373,0.7505752448405263
54,0.2621565540494165,-0.032283701282700195,-0.24326696895211924
55,-0.07398929727988615,0.7263953664017713,0.4498301134220854
56,0.33532735389413565,0.27477196157544714,-0.26434674717053047
57,0.16124395147818416,0.45083903541222353,-0.0867768810890516
58,0.18779526236176927,0.3594231877852617,-0.15035947229660385
59,0.09345173118969735,0.17880717205707206,-0.16278276187331728
60,0.06907958643345122,0.499784491135827,-0.13165816598393254
61,0.25204145061153443,0.34470605438498325,-0.08887718814894824
62,0.1300755014011691,0.3583993964384571,-0.5773022481403316
63,0.08200611492978677,0.3309993141369191,-0.05711125119543761
64,0.14873782962726614,0.47204590206434355,0.34088523633180406
65,0.08625376128653475,0.5168272754150942,0.27204077989538095
66,-0.7514085443742087,0.5476522851847905,-0.2082175896204951
67,0.3518646237641702,0.9240207733138699,0.31885228178981795
68,0.4076698741713327,0.12477220374454492,1.9118338635058034
69,0.00789225920947686,0.4353970193218249,-0.7580470152126733
70,0.512675600774651,0.3092891028418907,0.8947241544037066
71,0.6035665779943455,0.858263438432109,-0.2732031017896674
72,0.27043718875477585,-0.024628167770440718,-0.042550268505506667
73,-0.07712640043518308,0.5457455772522829,-0.14532409082358266
74,0.25330618721851356,0.39031676949409333,-0.2587460367935748
75,-0.16326277990644075,-0.380306944891812,-0.18017053635615382
76,-0.14965945619383791,0.7705131296074181,-0.03460133089483759
77,0.34650167328228265,0.3769894258410884,-0.15276573128011411
78,0.1223328569977038,0.3738170780492553,-1.4632382673451079
79,0.28389998712355646,0.3186419007118787,0.050992807556544006
80,-0.8563454112389591,0.4946178416767776,-0.14631707643849665
81,0.3874497447374722,0.17745240898511744,-0.09583416881505288
82,0.0106779738119364,0.6017163089599001,-0.17616906334600774
83,0.31249247137562974,0.3050938429094748,-0.050327734538890265
84,0.0956066639764596,-0.24602603680985485,-0.10083435115963411
85,-0.2384435676807361,0.6506290379259,-0.12523361899976973
86,0.3838326540615382,0.31052319815715923,-0.09690118262633099
87,0.046754613176235034,0.03980609968647025,-0.12710263974078279
88,0.026125570458648772,0.46945696563898137,-0.29032062386217755
89,0.18658805225704014,0.1501654739703535,-1.0332540063805336
90,0.032003301045447276,0.5142243486558146,0.05987384490257299
91,0.2250281273260373,-0.5010096088121826,-0.17260044684254255
92,0.4344759051453528,0.8848633656833458,-0.1762875535737542
93,0.33184512301484226,0.018031203318770728,-0.12122110694628033
94,-0.03945508946968877,0.5516739177888726,-0.06567635482758492
95,0.7100266418351677,0.33017183202883127,-0.23625688701151445
96,0.048859030137302195,0.24471668666297874,-0.11044786696869133
97,0.10336790872994397,0.4437883004388594,-0.131389999639829
98,0.09468840443089405,0.3807315232364527,-0.13427688674643504
99,0.16019652225467582,0.37326263447465907,-0.13300909956654144
100,0.1471992373399857,0.4009803289937771,-0.17304756920085385
101,0.12913378516124827,0.360836398738001,-0.12350016362135935
102,-0.5550877101996801,0.40838386605909544,-0.028748173039960828
103,0.2650947088497452,0.31045408908596706,-0.04185204047163962
104,0.10445528371954739,0.5293071921007079,-0.26493046372419193
105,0.214372712382912,-0.021521681604287357,0.22686951379241257
106,-0.12760212383069947,0.5538253890473973,-0.2254118247637464
107,0.1403341255054104,0.334431751705298,-0.055171386478949175
108,0.12154149812271549,0.3641960488338113,0.004703754928402859
109,0.40184969615896154,0.2890105450148991,-0.14638490298038595
110,0.07537384475768165,0.3971644417232945,-0.013823432250104933
111,-0.2655557759186621,0.4508944562254561,-0.1389668510223438
112,0.26825834094173723,0.3589782015342113,0.23312418542927332
113,0.11624469650307884,0.41743327189924284,-0.21450583312355423
114,1.4521038614233097,-0.21062144158627116,-0.11528753565345247
115,-0.3100868260792356,0.5130918285621983,-0.5844299607115094
116,0.2737492507454749,0.38231704723165155,0.10285305085759949
117,0.13532010320691631,0.3545485682599146,-0.44937523036077504
118,0.14482998264354863,0.19230104060312644,0.25845679375792696
119,0.06829860635361949,0.47586409770477467,-0.26032348881894435
120,0.20391474585315328,0.381139365159637,-0.11233350166277288
121,0.14309262080850566,0.3906084783273853,-0.1374524727486448
122,0.14008339232026737,0.3774271964063761,0.002808146087195401
123,0.14652221883908279,0.40372924280666994,-0.1513966807361906
124,-0.003986091854584428,0.3900975182566141,-0.24509384008049698
125,0.16327889008614616,0.43860821017135765,0.05735272124787212
126,0.14538965635469836,0.49544040379414395,0.005063907568511272
127,0.19269921118905994,0.3480198262590032,-0.17121893014423334
128,0.12250538466856918,0.4339694374803992,-0.15896046447887846
129,0.17823716558492342,0.2766723316222392,-0.2071362271062157
130,0.11100393710790749,0.5984597673740251,-0.14404314362055612
131,0.24389353343016965,-0.14474006949411328,-0.1587212132653892
132,-0.10240598376076275,0.5420074481363409,2.0740613958735103
133,0.2574447979388094,0.31564016967438047,-0.7811706444312496
134,0.10459869829992949,0.4541590485549512,0.1819661792453028
135,0.18930817776618356,0.2860414615054671,-0.19087273908693594
136,0.108835496652345,0.4986682638027102,0.18714577695768458
137,-0.28290824870344683,0.35603218325490554,-0.3765780714880541
138,0.23183836704299887,0.4219073383606911,0.7203211448194962
139,0.14709127920590895,0.7153496310855796,-0.5422807970827682
140,-4.740486283261259,0.23370259801700954,-0.0482495469107054
141,0.8070646617936725,-0.07993915289366475,-0.14675544898011864
142,-0.32706005210351097,1.0148547940767685,0.023359256892066995
143,0.5143997100025752,0.14244145553344667,-0.19436816450074795
144,-0.10344923691282533,0.10795809420676672,0.9206158305968282
145,0.06426320432425456,0.5930972707663925,-0.33788956907904316
146,0.28109011598994704,0.3199500309573406,-0.07320237126290674
147,0.0557256951946492,0.4114673997873206,-0.17941088303085498
148,0.07994863629105609,0.46162704533874593,-0.1820231969305704
149,0.19614550633484998,0.3519929118462555,2.269697247781179
150,0.38981386045783395,0.5059976069416293,-0.9181143156860032
151,0.3028972767715504,0.33378383312679155,0.010950947265155934
152,0.3839182247292376,0.2469239640390577,-0.058123191180033396
153,0.06436272580064478,0.18810810663737795,-0.1406314025992406
154,0.08961231590341728,0.4857284266641051,-0.1312243708427595
155,0.32751821027493133,0.41303733051297686,-0.12189308550817915
156,0.1584257669737395,0.21189293626852052,-0.05896122963775784
157,0.02311959919419207,0.5287708557539139,-0.025383971870473337
158,0.2799891206598386,0.35042603976705317,-0.15481338190392926
159,0.10778291662554781,0.6142541091752961,-0.131698448691947
160,0.19826378002143133,0.4346114997411535,0.0356303179286912
161,0.16813410194211953,0.23937134046690492,-0.1923970569495574
162,0.08632391585783664,1.0754570224070106,-0.15978352584616945
163,0.4645241775570269,0.009510753892281953,-0.1268787931644126
164,-0.06040748709775994,0.471035761501479,-0.13556260295185185
165,0.21264624004809476,0.24431661378530195,-0.11658058402593849
166,0.0821725165219003,0.41675589730099966,-0.14179822881747828
167,0.15865271708205617,0.3868124635224302,-0.06575128446445065
168,0.14974411538046906,0.38935288323532813,-0.14797972678927016
169,0.3584754674946528,0.38987013572761536,-0.30723608038488026
170,0.13270486622302896,0.35210971876416686,-0.3087635195379368
171,0.1365732850000643,0.21908741242203722,-0.08617830734655396
172,0.0784284344632519,0.5197060118455563,-0.14122276019063282
173,0.19953905680743056,0.35080548840551284,-0.13124390541989528
174,0.13090579425929963,0.6154704345701121,-0.1313821062410128
175,-0.07789194422882378,0.3008267614407897,-0.05766635021308926
176,0.17240418646876823,0.42833883795952815,-0.1103049362083325
177,0.16697386261881023,0.3777564802226389,4.067292677212286e-06
178,0.1812221046947718,0.6676654276428806,-0.39575128382645175
179,0.3515999993826373,0.2823738324821252,-0.0685725710137038
180,0.08242314917121946,0.41647664698436343,-0.3905218284330386
181,0.07240526608447001,0.4113936993141974,-0.4178549179778031
182,-0.006593947467299577,0.49419394936803207,-0.05830112850756365
183,0.27797623839572183,-0.043245773297492573,-0.15176482655255447
184,-0.0017417813479087482,0.5558279121341785,-0.09833186224308482
185,-0.015268483476093359,0.28695592832272365,0.03726670377651556
186,0.04976040337871088,0.44646787320167797,-0.17766667120200624
187,0.32425411352946465,0.37903057299619264,-0.09124756472488582
188,0.1259199377759105,0.36869463815464526,-0.15978861433085828
189,0.9874815729688466,0.38462325581466034,-0.0702317446041491
190,0.046443526253431004,0.24997963233216977,-0.11684830657124945
191,0.18886991051607543,0.3916562098590016,-0.0680700505240338
192,0.15080731114605614,0.4507067620697223,0.40890323517192356
193,0.17247308088096397,0.46194089837380886,-0.24723275073759482
194,-0.1217380389508545,0.3646889081415198,-4.22753450306821
195,-1.799519258497372,0.40633667458087397,0.7443826755721387
196,0.5828739585627966,-0.31638094122999605,-0.32584867821942803
197,-0.17917397888659847,0.25166279889584264,0.26006345113477863
198,0.1292127234998936,0.4473167197830045,-0.12643449280477742
199,0.29978329693733813,0.3589232306129843,-0.0728553917648466
200,-0.195087363672833,1.2497313470895348,0.08597798710038848
201,0.8609298417828743,-0.0011178583644107648,0.12192297894017212
202,-0.11416910160673048,0.36420773308853666,-0.18561542222868274
203,0.6542443151523446,0.44071644213087313,-0.09784229526544619
204,-0.3790451729580886,0.6300598163661882,-0.8056286150486471
205,0.6206711534619642,0.30998061782988984,-0.03560048489038041
206,0.1328654843155554,0.33444547937278146,-0.14258834508167692
207,0.13790625527035555,0.6001023396937666,-0.026790309213439154
208,0.17803536160624206,0.41152873147323177,0.046134666879270925
209,0.1654321979860335,0.38416425433882,-0.2810789328751479
210,0.1528269009936363,0.3950293985654758,-0.09509106018517093
211,0.13492920597552377,0.16695064033204227,0.06686009861920525
212,-0.19965323634992854,0.39225096358306544,-0.19230172879109747
213,0.08513366938796904,-1.2247975036192673,-0.1714790971634323
214,-0.4661754589825867,0.9143633339281412,-0.1346177398055851
215,0.5838381708717059,0.08375948488238272,-0.12444899726342207
216,0.12208957431093187,0.4327057689224812,-0.14176300613793094
217,0.6614969778725285,-0.1937561278585206,-0.06367722875983298
218,-0.17347505996821072,0.5373570884711147,-0.1417830355830201
219,-0.03819123133202429,0.4469070495900874,0.07103901548251512
220,0.16612966042113145,0.41481038040241036,0.7761666992232398
221,0.010386390340800578,0.38412405816988726,-0.3285823738316446
222,0.1716481817250211,0.5174594797604242,-0.08732091213606846
223,0.46704674028092075,0.34261376830638635,0.16726623375075675
224,0.08881162788293791,0.7145377934579205,-0.04258425694731796
225,0.2849521544505875,0.14750341195058259,-0.13283721445625804
226,0.042282399962369974,0.47595862546645057,-0.14148350555558686
227,0.24713498493285974,0.33812033143084536,-0.5442287851275808
228,0.2094733741332724,0.6392929223495121,-0.023256857831992387
229,0.1663594122016543,0.3870361287176932,-0.15689945995215038
230,0.0843878072977859,0.6114036251880919,-0.40355964950122664
231,0.24619928202172298,0.31194793624948974,-1.2425390087963022
232,0.14872244260840134,0.44968171688549846,0.10380445087065727
233,0.18209106565685867,0.3717176216125008,-0.6159742101773744
234,0.05156969340061915,0.1359907498159003,-0.02427039138368196
235,0.7383373959826343,0.5234119198194871,0.05523880505214737
236,0.1106855106625186,0.20394804268279487,-0.17127681588258023
237,0.07834829196719854,0.4578177995391323,-0.08361019210084128
238,0.19484205808065652,-0.1433165793771498,-0.14360662230774765
239,-0.14988779289866683,0.6124161800643813,-0.06284784403351674
240,0.28983971332346786,0.30143632411470167,-0.07990566827913287
241,0.0967397403591243,-0.10099492426354006,-0.14486126586265852
242,-0.0592002830716838,0.4901494777750419,-0.30508669027653024
243,0.23133786372563522,0.360865608324348,-0.03090826622558833
244,0.11625569335507994,0.3981755705228687,-0.15571422602138346
245,0.08492605973358394,0.39633855869757695,2.78599581484544
246,0.29878284976164804,0.7466652315740104,-0.757508239119572
247,0.2727783025643254,0.2018954245519668,0.08235369781077097
248,0.18649914410643514,0.2759078250634779,-0.06989863705540814
249,0.10953167730649872,0.29744693191761273,-0.14203452083818285
250,2.051864406085554,-0.15873287844437978,-0.12940233926742942
251,-0.36981516867851094,-0.18745117978797854,-0.14740601695031894
252,-0.48624047482746185,0.6063627169369605,0.6757554000790871
253,0.3329085127391593,1.3597678319449302,-0.20133606113281538
254,0.5861088466531167,-0.009401352533361594,-0.1383138361710507
255,0.5982457295061239,0.4755121794024544,-0.2589254146061622
256,0.6639928087371025,0.1698332612239462,-0.08045037827776227
257,0.0130172927324692,0.2860463410696162,-0.28207444432475515
258,0.5422457393718568,0.505021753962264,-0.06787341294064653
259,0.05345902924392937,0.35249755838008534,-0.1481252234623782
260,0.1366303982449902,0.4155202241099908,-0.07579988849539562
261,0.0930316598245315,0.321595822401416,0.22571935251827446
262,0.15805841890912364,0.4303873699698636,-1.0246076303726959
263,0.4084861789266692,0.3814277910552855,0.046057560105548734
264,0.11480262350349629,0.3296571556470007,-0.298727553852581
265,0.14371112787595025,0.4342517395240829,-0.08118797525186151
266,0.16807933774219905,0.3180173515157613,-0.16462141339428782
267,0.11805967296619295,0.31713834686407855,-0.019255996235037043
268,0.12892107604977998,0.38315150562677136,-0.11979149107669351
269,0.5535028222763133,0.3803960550679519,-0.6298595455621103
270,0.10724466038810845,0.32541800499825196,-0.011595058284058607
271,0.151147413302424,0.4330496706247152,-0.12710491008945035
272,0.31397968635770346,0.8363295057648419,0.012522548930823663
273,0.3335582734102422,0.22705934671008446,-0.11748061960735369
274,0.026071466153792557,-0.2068756060964701,-0.1165574306405437
275,0.46882933131973287,0.6320493395648323,-0.12870778867340887
276,0.2079645398908189,0.1721400889948916,-0.5208806750233351
277,0.04994945178073936,0.5217530236047893,-0.7626242240898345
278,0.2253454631610726,0.41041058449847057,0.6632246958981266
279,0.18069087229973005,0.379664632021526,-0.2960844646445433
280,0.14633931907655245,0.2303892675130653,-0.07852728754244712
281,0.09238006999580635,0.44931411551108297,-0.12857254206837684
282,0.7293394622741421,0.3756065118526358,-0.14430907670471355
283,0.024241203857854318,0.3096639490761305,-0.09884680734322261
284,-0.46412090879888057,0.9450416102890956,-0.06579977773122603
285,0.6733569195966033,0.0224542289297201,-0.1459856103464727
286,-0.08388208405443934,0.42559184295697516,-0.11416996499650015
287,0.24104666298813313,-0.06885283874024228,-0.059592526083897465
288,-0.026808899210149777,-0.22164347235088744,-0.1640560257491328
289,-0.1025072949278533,0.8236075535451282,0.06170476779102402
290,0.3580094419999015,0.226187584470478,-0.1030873907420694
291,-0.43305522882995723,0.4310565566806897,-0.13707074561279964
292,0.2573998746418352,0.4770317760778935,-0.1403607651370012
293,0.17721239542982417,0.3487243289382761,0.0926197193346455
294,-0.020567737016252724,0.4395764511456208,-0.12021296392247593
295,0.16999810537800067,0.38014278988526295,-0.13145331003115512
296,0.14846047457020825,0.39791648296168636,-0.15522024424231137
297,0.16288467171842105,0.4435195229253477,-0.12183386596049744
298,0.17625512761427894,0.3488976039046588,-0.20050826482801593
299,0.4044706867835705,-1.132724609610807,-0.11755357131442834
300,-0.43972161971129764,1.0627169077911105,-0.12511518725226342
301,0.5250692343835723,0.02463691270962671,0.05897748559600918
302,-0.6060602237368682,0.6733199411661266,-0.18474908133312237
303,0.3719973223007226,0.522725900325597,-0.0890607030297393
304,0.18011821426839492,0.4627312077741387,-0.472441734062476
305,0.17692205481062986,0.3558399265342769,0.9017315578677431
306,0.13822889239798344,-0.584092207831492,-0.3530080367249125
307,-0.2955907937848793,0.7835652889438044,-0.12365337105641049
308,0.3137511447961922,0.4028136087519509,0.039251397414014455
309,0.1376421457515654,0.3689613384687696,-0.163957774929565
310,0.14849068175537894,0.3297065162824854,-0.21504149983285925
311,0.12712713348589175,0.4192110474348017,-0.15598595237839327
312,0.17158058358689507,0.7333052514200533,0.23238504920188569
313,0.37809192568731176,0.26854449699808514,-0.2100961122546742
314,0.08216169622570234,0.43745475772457726,-0.35156353635280185
315,0.24021533641550802,0.4426791807525432,-0.08455149677613766
316,0.18732764267580235,0.3534495392417893,0.06385105400599608
317,0.13465670890192144,0.4109621751307598,-0.1894318705121131
318,0.16378647491937312,0.4092894659482302,-0.11798984148864058
319,0.7891811854753843,0.3834274340995391,-0.1356878436812046
320,0.06108856151820046,0.21277544300884152,-0.1326889950251488
321,0.14200102768290357,0.760293478950941,-0.19167155004462189
322,0.280717835181998,0.9966825574151298,-0.12098106504942582
323,0.08375145095661951,0.31483915286045344,-0.2197155139954033
324,-0.03505558789976557,0.4319439584435471,-0.10727172294977914
325,0.1983060465415779,0.51798051869059,-0.13633129463282842
326,0.05328994525076153,0.39798991306451387,-0.061990651086526044
327,0.2299121056752042,0.4063127675456995,0.03319600368999662
328,0.14602192664100125,0.35838331842929,-0.1711982972854636
329,0.13464201975723292,0.40526051291257303,0.06814495780659874
330,0.621114352084412,0.5940430210127869,-0.38334680133389176
331,0.1684552676019622,0.21685102560739639,-0.33022896243742206
332,0.06892041951045849,0.5737477352982506,0.1863101251466312
333,2.2432377880778254,0.3276588789107635,-0.1736647177919321
334,-0.16333149699178207,-0.5363888427313677,-0.1250596212053304
335,-0.2145525898313988,0.6993986640879098,0.05401097280584058
336,0.3255981386263097,0.2640963983084833,-0.013664626447428108
337,0.2953380183593431,0.3993072129844651,-0.08118899951848067
338,0.3277732014246221,0.3736297319857874,-0.21198670186043603
339,-1.170855229582687,1.492806639318637,-0.11026304186143392
340,0.634074483767005,0.019184925932928976,-0.23168302550735448
341,-0.07908153092427221,0.6026322439481292,0.04144266762126668
342,0.29985146455452755,0.21685571579414284,0.10839336983749534
343,-0.12458944885255718,0.5333247137351982,0.29434982597637777
344,0.2551941462815032,0.330884225094325,-0.2155584079028694
345,0.6764072895610878,0.40686365932561114,-0.4667121999774949
346,0.2618908233915737,0.27529402288215077,0.05984094071367706
347,0.009140893403302722,0.4297351163080994,-0.12452258439304809
348,0.19929629907215834,0.28704686386434913,-0.13118615875001444
349,0.0740375724081288,0.6840311738278773,-0.12320999130721214
350,0.3567546317238454,0.2835892774395079,-0.35887682143751476
351,-2.1984357792292326,1.5310095554345857,-0.08566161164521983
352,0.8780273122502803,-0.9322548937255191,0.037315692224680924
353,-0.49716421090070223,0.7536556627691429,0.10334871678147768
354,0.5410595513040838,0.1899632470320406,0.05640011989874161
355,-0.11532790600907214,0.5121227520381413,-0.5398459897565836
356,0.24488049737876563,0.15377195747800695,0.5385428331464613
357,-0.061757527493518996,0.4100804744765534,0.0029536167484664477
358,0.21534779419571093,0.31180206594969123,-0.15840930027209882
359,0.1156052699023691,0.4195672331838266,-0.1643159244732309
360,1.028243480622957,0.49156040438187704,-0.12477738740354472
361,0.13917169903149074,0.06965112776208077,-0.015371002995651806
362,-0.9185821366875472,0.6259884541780932,-0.08109936103068309
363,0.4143848565997389,0.08980681469448268,-0.1264186804074529
364,-0.01641664594938082,0.4886885011923373,-0.06541167848956558
365,0.3737886264176232,0.45622922223456475,-0.18010293335888242
366,0.2050040176821041,0.32931083965988195,-0.1697323383602855
367,0.09353451061742353,0.1030426995186205,0.12047533788050124
368,0.03396985968264965,-0.0946462657527436,-0.15290454127473915
369,0.14173320476252882,0.5433472149213083,0.014979426631300363
370,0.19616419141984365,0.4964003434568156,-0.16581889623845447
371,0.1960496457757814,0.09469724278465214,-0.2767910483519784
372,-0.06009064966680907,0.5177874050644377,0.061021312116860946
373,0.4310685865599361,0.35602443306691567,0.058983676293048015
374,0.3039176662646675,0.5249764577091236,-0.17820789471506676
375,0.19066397295535237,0.22936753036505775,-0.19993285229598506
376,0.0178629107640884,0.47404314462418773,0.08432855446064882
377,0.2046049817462716,0.34226208777659684,-0.3038951772596001
378,0.12699860078315053,0.4368867259813469,-0.14597182382149354
379,0.1776437712895379,0.3784437498132464,-0.12984588222447696
380,0.15125945502166788,0.3955172851675771,-0.13484265072240728
381,-0.10891465087611946,0.6789347937331843,-0.13447733539470177
382,0.1388439562912997,0.283835244500558,-1.2018549108125312
383,0.04438909379118654,0.8402405587667638,0.10328235018702585
384,0.4183198952003115,0.564593811404527,-0.18312972942374567
385,0.047883988960807616,0.311625204112426,0.20505968614875775
386,0.13690308656525735,0.47596106269092864,-0.193360886021174
387,0.27005817647906494,0.3638316716842512,-0.22156558541367216
388,-0.15561169671347763,0.3828818733111849,-0.09629813933926687
389,-0.47995487271232284,0.37210394665126684,-0.16614212372725218
390,-0.3830851508595231,0.3463595199757456,-0.10225058820392122
391,0.22622674088885078,0.34116998707518587,-0.00604406419691883
392,0.1289920182533159,0.40767280958065105,-0.8841369309836065
393,0.16525150944247796,0.4533174482142724,-0.08773074533429304
394,0.06662193686665858,0.4076989902743402,-0.14366420142007408
395,0.17539937824596602,-0.5063562346584197,-0.2871033026016503
396,-0.629316507252597,0.7250284569936116,-0.10082523480042971
397,0.40870352454473163,0.19987739412125766,-0.12937908708381005
398,0.0336894095021488,0.4096613397164391,-0.08098538598420643
399,0.18098209322100794,0.3933758934210219,-0.0732012371687352
400,0.4196799144860146,-0.8484921238179928,-0.058716699539973785
401,-0.5342356258640387,0.8433449096706757,-0.1476470539436466
402,0.2745224853668985,0.16705980256704797,-0.2184513766288199
403,0.04443008220930173,0.45813439361040326,-0.1256362807573132
404,0.3240776297310833,0.37454650030092446,-0.33912522993350497
405,0.027249281029876157,0.34460310565525126,-0.04780895670716886
406,0.03135957041140944,0.2276766860806904,-0.15554721592849655
407,0.09995921306490516,0.46886945117613293,-0.35161905347704414
408,0.2128929940796135,-0.06046974307652142,-0.3433946502351687
409,-0.10855923429409947,0.5130662166191016,-0.08410946933472453
410,0.32449039963884496,0.35029470528936935,-0.11356233352791216
411,1.01769607270708,0.6881856388544096,-0.16239438651166316
412,0.14925669128137947,0.010017069265733102,-0.1185977115535191
413,-0.035825304749996865,1.4552347350245447,0.0643660429858352
414,1.437519553602113,-0.08420039807964189,0.34011731943814305
415,-0.5046119937741337,-0.2878193581994754,-0.2158670847211731
416,0.06854423564159506,0.6270874068620405,-0.0007271723265556522
417,0.3573571918931533,0.3055294006866292,-0.12561127905446406
418,-0.28979086393783027,0.4002847886457907,0.15968327841943228
419,0.24807922695431234,0.42169901510190744,-0.5453186764639547
420,0.428710655650802,0.27448731717045544,-0.011954615352878405
421,0.054566154419182465,0.4704333523774489,-0.09210396914909673
422,-1.133438274647807,0.31783419209753155,-0.1395475084178466
423,0.24780278067536926,1.0621345646586184,-0.13250963325378629
424,1.00944287191817,-0.28564065203102196,-0.01762394005194655
425,-0.4112939390315655,0.4358429523736263,0.07746086864588969
426,0.3405555443747465,1.4330477855002242,-0.10166431417869719
427,0.17289103216114232,-0.0433744837031586,-0.8175612664898732
428,-0.06308977627293735,0.5647617837739445,0.07746899843156699
429,0.20276327146876277,0.4230545785000221,-0.1768195233384296
430,0.16172040809502122,0.3365417447446419,-0.1406400293278525
431,0.13852315504245497,0.7128003210925832,-0.1280218909428274
432,0.2851543046143336,-1.1176262332152755,-0.13301615372397765
433,-0.5394652521705247,0.9835787058445961,-0.12217474164989452
434,0.4660287737964413,0.07176478121195091,-0.12538410389413363
435,-0.03487617598501029,0.4682477203266503,-0.1435483668325457
436,0.20692602938971202,0.5837484690782124,0.5422373526389341
437,0.20427619801322383,0.2934118342087835,-0.2775549240630435
438,0.06713801518255354,0.608415928599345,-0.10179301414840652
439,0.2580603592094538,0.33937387805531793,-0.13610004413316742
440,1.03312418096786,0.5156611013875001,-0.4370885061999149
441,0.08106206930044146,-0.6691191426583121,-0.06434063483690818
442,-0.30042456515859317,0.7122267124075374,-0.06951141297426149
443,0.27172973526039723,0.24907558546143937,-0.17089030383867682
444,0.051773899715226376,0.43717850969116334,-0.396870586325325
445,0.45856264308271144,0.4725537821412794,-0.071724450494476
446,0.14027396799615036,0.23493715130400428,0.9785341513629336
447,0.09409534264030477,0.4582661069608016,-0.9561070989567817
448,0.24516862332224632,0.4269614336620401,0.03542359300549687
449,0.1335787152765794,0.5283457012033512,-0.1696683120419072
450,0.3320732803609019,0.4491847094724535,-0.12651444736575937
451,0.18725665749487092,-0.18783890155237554,-0.015680591849302983
452,-0.09753183378158298,1.1999094645880215,-0.257853852088118
453,0.37563534214683025,0.07706425415601303,-0.10466473085451121
454,-0.018179230168744166,0.6925093489368854,-0.12497994271770946
455,-0.4479456415286254,0.2706530073033809,-0.7034316389787112
456,0.18937819715939314,0.20260799947102312,0.03493366343696956
457,0.06661867499717684,0.7965160175444741,0.17037933034134392
458,0.3133593902537417,0.23962285760160207,-0.19426447144361353
459,0.06832216272184667,0.4300326792674741,-0.12021784871388098
460,-0.12717378581736746,0.13704645336227875,-0.9035648307618496
461,0.03804263143676756,0.493770677766693,0.03375766771744809
462,-0.14140633710553735,0.413145693048387,-0.16842299854017942
463,0.20773610475074777,0.3547540989643117,-0.10494127701891649
464,0.11633836917528759,0.4203950721391189,-0.13250546238679578
465,0.25311077064816817,0.2663743380336437,-0.10334705346630021
466,0.021683521313189236,0.4331148586198388,-0.13941237532261003
467,0.19986136896709944,1.4370486752487548,-0.1924260102445305
468,0.4334578782708534,-0.024287282683374788,-0.11260530554354015
469,-0.07318840514331021,0.5454846950615009,-0.39495146884019217
470,0.27861344998953513,0.2924737207194334,-0.04391719074711979
471,0.38386173584706657,0.3122246907508667,-0.017677428032416398
472,0.2721537833418875,0.39257804359033177,0.08870162297695028
473,-0.16494012011873468,0.38496713316735254,-0.20328177713141188
474,0.2050480304982178,0.30982755788804694,0.12240769010584882
475,-0.03727457073981058,-0.676747700745649,-0.22714343695965172
476,-0.28623811339468236,0.7230046716518568,-0.11034851022969089
477,0.254032776140109,0.5156908557232047,-0.26162434338462925
478,0.2511691312593722,0.32838856941101163,0.12890442432158358
479,0.1424786243903268,0.4088540521804617,-0.18040564881328947
480,0.16491239886067816,0.4628849472664447,-0.13010833527847596
481,0.04321866202279928,0.36077566822914225,-0.13793597029420537
482,-0.34944810230972806,0.4206929989278701,-0.17136056741786743
483,-0.1070615248574712,0.331220359926472,-0.1257894535452494
484,0.15963308747903845,0.3913517794097461,-0.1327863728198155
485,0.16391281921794779,0.3943511335473031,-0.13323756935942546
486,0.20550350377199655,0.38347933264421946,-0.13187263652350248
487,0.2129776042244406,0.24578533475650813,0.15318661883703671
488,-0.03889911786563406,0.4858701985324914,-0.1919614588566349
489,0.22231525058769894,0.3636968492245007,-0.12258533977108693
490,0.16773608581844146,0.19501713149739675,-0.08191601288109332
491,0.07170531176613056,0.4871281839213959,-0.14334917230449348
492,0.20590542496158998,0.3616999261803122,-0.49265945452204174
493,-0.15483593486709393,0.40027940637789355,0.4499377527152352
494,0.6127756675389091,0.684645989512285,-0.26515268213856885
495,0.20519974942863442,0.42133024387314694,-0.10147801066029366
496,-0.4172893866288807,0.38115693976260406,-0.1754755275619384
497,0.234315392984613,0.18926178732759744,-0.04235908779217007
498,0.054008248154937655,0.5019981136748496,-0.6937354250834912
499,0.21263690416974676,0.4477007646550417,-0.009725553642228274
500,0.1693106271439687,0.3729640538518014,0.15860329652277697
501,-0.12029256444911063,0.11562627909211781,-0.2975063428873842
502,0.21858464519907064,0.5163471098181477,-0.09406560522716914
503,0.19650505836638135,0.3377351668376253,-0.14218071318606523
504,-0.7741276737474717,0.4124464262399386,-0.3379897634372563
505,0.28927711521562194,0.20161519883345067,-0.01738315608608812
506,-2.2056490638029964,2.367914450831255,-0.03179912232611262
507,0.6442025032435942,-1.2428695229231357,-0.15691364535169763
508,-0.6217621534795582,0.800825456891781,0.12859465110849308
509,0.42494966178483745,0.2511940842019649,-0.3273092943085665
510,0.07533204027517235,0.3528758259884594,-0.06594211901211523
511,0.14959774421931238,0.41836190632647957,-0.04594487197861448
512,1.301008538831058,0.3687423864618508,-0.15231912399911118
513,-0.01945884626719665,0.7025696993477156,2.0993632948329464
514,0.31729946997159075,0.27234417679648065,-0.49343772665483737
515,0.0797385380078135,0.4202877858350566,-0.057561929941050013
516,0.1756039442827818,0.7972740691686908,-0.1419986525180297
517,0.253041677353005,0.23163343520435692,-0.13145675667648102
518,0.1897185212391307,0.5004892646043007,-0.1321582492996718
519,0.2265084392108224,0.0007813899939516644,-0.03234353658123555
520,0.2928784625522259,0.2346611316343119,-0.15276633445888982
521,0.04130266971187074,0.43632003206452014,-0.12333690088011633
522,0.14286912479344496,0.3703342513124761,-0.1292944930359137
523,0.1467350885360366,0.17218582803717564,0.47477425994151407
524,0.05878078430873667,0.4816942683548914,-0.5417668387343928
525,0.20727637612134212,0.3545426591293674,-0.08792682618137404
526,-0.5455139034682145,0.5117163933998272,-0.06602137847188243
527,0.30671497234065326,0.15695753133720003,-0.17508373585435985
528,0.029380044149623405,0.2296451534575045,-0.09464843152296144
529,0.10864203690067727,0.4309424577137504,-0.28011714442485003
530,0.17476131473366652,0.3724374689318539,-0.19972300634433354
531,0.1445550602234045,0.4344550263744277,-0.12785142542645656
532,0.3066551606144017,0.3903987966220372,-0.13274398980803465
533,0.30919247554960627,0.3370453384983856,-0.16134303464365213
534,0.10972786939767055,0.8337311408541375,-0.10880930832867583
535,0.3296629847310151,0.22253015182386668,-0.13165573969946057
536,0.055425368948839926,0.533472435117927,-0.21767470982376602
537,0.2861162241391186,0.3374909776273122,-0.10698426043658377
538,0.1136140748098389,0.4769474034847217,-0.13938602255759183
539,0.19818019661244207,0.36559430726637143,-0.11797065363524409
540,0.4056397761041016,0.36755140582441415,-0.1314442537079335
541,0.08868621566310698,0.3653392740582132,-0.12694228424530601
542,0.053384242144336694,1.0836843793890054,-0.12143883498236664
543,0.40447754823862575,0.22277121667638655,-0.19854709660145461
544,0.5905418364833397,0.3875426836714675,-0.1406239842617284
545,0.10463703184883152,0.3083110845406667,-0.11840487289101408
546,-0.23813559043399704,0.49626463432392093,-0.11078311144488077
547,0.3193790931768521,0.4334986203320013,0.1402623760319132
548,0.15073075383048215,0.22387685921476758,-0.2142187868669377
549,0.08372351991277452,0.7503537181593746,-0.0666621076719098
550,-0.056358014477852214,0.24750074666707383,-0.243641091230265
551,0.08983776238535443,0.5137446788516378,-0.11050856365096802
552,0.19820801494261298,0.40979931531683106,-0.0003416782924896278
553,0.20569835480980606,-0.013891461937597382,-0.17388436384897601
554,-0.1054918544953096,0.5495662099998907,-0.1130667555414889
555,0.18247232932637175,0.3035533012049685,-0.1345600251005501
556,-0.23078372523995572,0.44973666959294334,0.4236240772323061
557,0.27226509188522413,0.15187520087997958,-0.2657567078033146
558,0.023041509323836126,0.7604931572682805,-0.10143476792032988
559,0.3559027210149729,0.2543457684415804,-0.13481310789810141
560,0.06581068607547001,0.5624656422268094,-0.22137996090161652
561,0.2571015154643264,0.35927979675901534,-0.10511903868233781
562,0.06841031702163314,0.39602231357536977,-0.19051257258749213
563,0.18717835601034585,-0.6447161321242026,-0.1164782395781014
564,-0.32424363453628346,0.8084044448648998,-0.15140993244915832
565,0.3415542386202952,0.5343177454998831,-0.12896653879050785
566,0.2753327357345865,0.31611127894453966,-0.2696942768288674
567,-0.08077344376793723,1.261468113103148,-0.09620726099138997
568,0.45626714220802794,0.05850875725329393,0.05830216682163947
569,-0.034880427792751495,0.49922827796389047,-0.05572151480966456
570,0.22990885041384887,0.39536831360525426,-0.13832795646623133
571,0.1465728719352188,0.4017519794188922,-0.2436940448428962
572,0.2622359480896428,0.39239853821794,-0.13017430293692528
573,0.11464220567198677,0.2966382227544349,-0.1330305418478396
574,0.4463815314273456,0.43628984936789916,-0.037876680822125045
575,0.43062987150532855,0.3279260105040132,-0.11847368584091102
576,0.09051922444808289,0.3260167663474333,-0.15796992798403317
577,0.13635548372513143,0.4245347032004452,-0.11411821778144356
578,0.026837195216545706,-0.37640305100893723,1.0230386021308358
579,-0.2469468638455456,0.7008421055649827,-0.37362997958267324
580,0.30508321182023,0.27646337446771574,-0.0826061083681917
581,0.08403866385980918,0.48952213257022215,-0.18064653863878435
582,0.6043004171426986,-0.029115211093386772,-0.0761718910691052
583,-0.46734965152243113,0.4688923922908241,-0.13735605323955238
584,0.3596225236704325,0.2342863158197604,0.15304302186585667
585,0.057031168352926334,0.4177034780401114,-0.17995323242953679
586,0.18590947895271673,0.3896034406431552,-0.11210730960451226
587,0.15106945003265185,0.3857534132154011,-0.08369572586319404
588,0.12679396198843856,0.198615514782664,-0.139840857746936
589,0.06993478707944253,0.454960781270107,-0.08470866321187534
590,0.19508483641531538,0.38298538531504484,-0.001689327405413804
591,0.30534344969916444,1.5837982784335711,-0.11326422631289457
592,0.42113776281922,0.10185169541636455,-0.1339838665063564
593,0.24898741394082258,0.4619893443575263,-0.018433616980404466
594,0.3275375990864843,0.5630635427241539,-0.2187695270680054
595,0.20101728384615516,0.30216121947015273,-0.09611798643700058
596,0.11593847471641466,0.32947667423510135,-0.2907045839811931
597,0.33727199260360813,0.4160619604411396,-0.030989743765288957
598,-0.010352985386010316,-0.1945017879358374,0.05355563623889237
599,-0.13659109338902548,0.6322546591208054,-0.19667598126379546
600,0.3621794934501214,0.46167284451489293,-0.10863285553801466
601,0.20902475064771164,0.31151934219897937,-0.13753359857482045
602,0.0839643874468203,0.45819817468517293,-0.1306486878152398
603,0.11278409079311164,0.9164718373284736,-0.14199033725886906
604,0.3695764353592771,0.1921319916805286,-0.09989780431667178
605,0.24584109875087953,0.1734522445362452,0.05749643342334568
606,0.03557344910311229,0.4520662611911268,-0.19775859399887957
607,0.12851175687374733,0.37375976572564373,-0.1154159281744796
608,0.29796294621651287,0.5480604428191087,-0.2637508873279356
609,0.2580936672684966,-0.6476204977494586,-0.10486910858994278
610,-0.48626600796054686,0.7934447252635929,-0.12907783722376778
611,0.3357189178201567,0.17734361381495456,-0.11321634731904384
612,0.03202546516224162,0.44608706116828634,-0.13891854292477746
613,0.2945398774187534,0.38557434900482707,1.02788436496748
614,0.17279992793903168,0.37107351568633484,-0.3777013422972797
615,0.1442712000851074,0.5001775083996524,-0.07086780902191277
616,-0.43116284777175085,0.368580339227429,-0.14504238143397005
617,1.665298541615106,0.6431482438846425,0.09035346645795383
618,-0.0044103893637303035,-0.308745196100568,-0.011634519116765274
619,0.30842636112470306,0.6779162077719582,0.09337622583906241
620,0.6184015514636676,0.14698562964376571,-0.03707381399258866
621,-0.0018867248652599533,0.40137455925414706,-0.1971154628619362
622,0.1892899060111831,0.3916914285123974,-0.08903887274312942
623,0.10304722181526893,0.4029772604702685,2.1807358911330583
624,0.0227998824367234,0.21025380088849954,-0.8647327688962102
625,0.01352506476993666,0.47247264407811623,0.022801119974681032
626,-0.06549991351442738,0.34663823566014845,-0.1674482365345969
627,0.16752837558176745,0.43311582363934825,-0.26801544469327954
628,-0.08125093135509831,0.3229194281294927,-0.20792116505752117
629,0.4119176394244489,0.4433206447367485,-0.12706177783601122
630,1.612107319724304,1.109395704545911,-0.6562251207894957
631,-1.2201063157895897,-0.5235487245524746,-0.004472309388033902
632,-0.3251854593557708,0.3243048619337763,-0.13820181753320387
633,0.21827233557095296,0.030002486781266602,0.22432774276475448
634,-0.01637903656782882,0.5570603680958013,0.11326539124453922
635,0.24505916660276947,0.3202639394153217,-0.17546516325419537
636,0.11095477075037749,0.8262204293090105,-0.12486162560687186
637,0.3326554670495693,0.22461925677501748,-0.25775713620447666
638,0.04149942441510969,0.43305059157473047,-0.1064578253927647
639,0.21263739441060509,0.4629331854443114,-0.010917370490272693
640,0.3773584715082646,0.3603067866076026,-0.11625804660518183
641,0.31861641143730546,0.37411500440579554,-0.14084020761579558
642,0.7354079100132453,0.36698974379571964,-0.11960437237993772
643,0.06360444855888205,0.27340450395102994,-0.4848417513803259
644,0.12844533988480444,0.31318805283381757,-0.01706667352429178
645,-0.3615895848518974,0.4272895912590385,-0.14445875246315204
646,0.24440208179339076,0.4738491193541563,-0.20614093888208918
647,0.08966251056242668,0.3979409638423371,-0.14637035060892883
648,0.3370062021647049,0.43494298917621566,0.3606499509995833
649,0.8313820872512196,0.35241575120532376,-0.2650640536636965
650,0.03564466301994378,0.267376918338834,-0.09280662075659428
651,0.11126931952971827,0.4420421255993436,-0.06926638623579814
652,0.16576225914693649,0.3793704791481827,0.13353782099750133
653,0.14879884906361113,-0.4030130049818246,-0.1902367878869285
654,-0.26937782117698694,0.7045578790239828,0.04350027305240603
655,0.4108829145584681,0.2561104637620843,-0.25834020529043467
656,0.05620444836648133,0.4094921562494516,-0.17940088399472184
657,0.5853322123417023,-0.2916663681356161,-0.08319211824935951
658,-0.1645147804642158,0.500906866892652,0.21005744168074114
659,0.2427686233622392,0.4493854075883217,-0.13490657075680718
660,0.14401897368959723,0.20958883828921251,0.11539689546004173
661,0.14362508366243815,0.4666437811971457,-0.20753380589867673
662,0.18190457913871438,0.35218228870924734,-0.20224068667128622
663,-0.36539689306198253,0.48370775044344533,-0.11629350574014236
664,0.26739513290209954,0.3276989292842646,-0.22625741042709457
665,0.044895769690132495,0.44967555426631994,-0.1033226685113835
666,1.034334531829727,0.3565079309841763,-1.4017183009910852
667,0.01360755838594064,0.142790458450648,0.1010456331998333
668,0.04474061889730799,0.5324720201370056,0.24903308918818337
669,-0.9628305747762872,0.426944305410048,-0.21320138788336346
670,0.49223739183034915,2.0240132840858918,-0.09749774446709865
671,0.36043290666696604,1.3921896297863419,-0.08710006057354569
672,0.40717463405914117,-0.05035590215822557,-0.12467461495132111
673,-0.08398202454238936,0.8392491512532524,-0.12550918679470335
674,0.35965153315498266,0.2003740289383796,-0.12396469382511185
675,0.07980908616263416,0.4526709322332543,-0.18319401129890214
676,0.19290835695932093,0.3745752282497886,-0.5423334406600884
677,0.12913652051108832,0.505269594357601,0.0778651766870073
678,0.2078028448210129,0.28391585042722606,-0.1762562800502982
679,-1.0295153008632612,0.4109227244911913,-0.32692932342433606
680,0.31049495651802006,0.12407088437155063,-0.08914386124485864
681,0.005671075048657803,-0.33175331963418064,-0.06497909226745653
682,-0.19782394366536568,0.6083632310514,-0.29137475925980083
683,0.293478570547502,0.3139544911822619,-0.0850104594941509
684,0.13209710019194826,0.09152329193701225,0.2666251892047962
685,0.02302523973030679,0.4925537078713776,-0.2122866214754563
686,-0.09807684575376871,0.34331645966815805,-0.11617586590784604
687,0.17295728713852632,0.41588464440367107,-0.14298012325913412
688,0.23305648247686883,0.828540254882465,-0.10451284977746424
689,0.3831860453289258,0.14146739112168383,-0.23262633233324215
690,0.034838887054170466,0.6455460511250319,-0.1069667409594672
691,0.38384126722342005,0.24979444965656872,-0.0831316858677153
692,0.05976925045503071,0.6121387238830949,-0.14478458997989024
693,-1.6264752835600713,0.22605520809821195,-0.11957256408742932
694,0.3272884856903305,-0.41799758866272707,-0.1685114544529561
695,-0.4309168854826102,0.6913514454651405,0.05136565202937111
696,0.3598208276405042,0.23140876177386252,-0.036624469816669336
697,0.08114103891406958,0.5755418099635667,-0.2139971447059629
698,0.21176273187662106,0.34067121353544266,-0.115670405388498
699,0.19920997530805656,0.4104281886918148,-0.13167164725415864
700,-0.06861545382504602,0.37984792592244315,-0.13921079418869065
701,0.2027628303486758,0.41575899217523976,-0.10254801023825164
702,0.06177529346901396,0.37655392562020024,-0.003870244994048644
703,0.12274297726044829,0.40535959207152833,-0.158410559189822
704,-0.0073216875379036594,0.3914401420117504,-0.12709389463827653
705,0.18048163401146247,0.37980340600992846,0.09560004123234
706,0.5039980396277031,0.3992535617921021,-0.18343150731078162
707,0.08766995426957794,0.3017212096759364,-0.12051046681554005
708,0.1207699141409698,0.664082857105003,0.11495195927022055
709,0.28265125348152054,0.5023476948668946,-0.18673350464173236
710,0.1256512918459607,0.4079267568619115,-0.12143346515987267
711,0.1669814590247964,0.39111511184544756,-0.134192536097774
712,0.15116581731963377,0.3934217115404524,-0.34601263830645146
713,0.07303441713754391,0.39370757834011205,-0.09747155905265543
714,-0.054453393107662895,-0.42059400109827116,0.605527033623829
715,-0.0763045349911016,0.7140469499527058,-0.3186868897195158
716,0.31636401211311155,0.1369546476558367,-0.08916192398041445
717,-0.037910283032183745,0.4752154820614033,-0.23917227421467646
718,0.3359941695657536,0.36533014255557567,0.023614491819902245
719,0.11823134734048665,0.7530076209804109,-0.1623774088693397
720,0.14606393210089863,0.8717431405374589,-0.13294748762787073
721,0.17893811415600153,0.20478477879776408,0.013395601974744431
722,0.06878746706081328,0.4659471549799737,-0.13032978106541368
723,0.17087769374064413,0.37731264019453187,-0.13243685485127812
724,0.15072731219708002,0.36435792371777614,-0.13386940159364238
725,-0.05765116219814578,0.38652542382838895,-0.10812035362232486
726,-0.12306896620986954,0.6319324325355689,-0.19270106112364416
727,0.29194452602703486,0.33549409873944797,-0.12680937915793333
728,0.14171095162407105,0.39962287796864304,-0.368330514464865
729,0.14908032002133892,0.377651302144322,-0.08957823621072417
730,1.6528779601147294,0.40011562216132285,0.05692269523093524
731,0.972166757373726,-2.4705707105619332,-0.13224276649736283
732,-0.43044596768056675,1.2932361451986862,0.033224609707097924
733,0.44655355472591174,0.0025954778726883006,0.1411163528226485
734,-0.06182038256490649,0.5259821283333936,-0.10359214409407405
735,0.23349308223014797,0.8817189210242923,-0.13378406557751008
736,0.3264508302483007,0.10465531114555268,-1.0754966525015732
737,0.010507752599298346,0.4959280552377065,0.07594444188946783
738,0.22055163900381283,0.990008347153683,-0.17023100846067643
739,-0.2429688145923562,0.15188348646149413,-0.12163594488582327
740,0.7772267066150745,0.4800882381057543,-0.09063334956405296
741,0.05888040404400302,0.14551879023327666,-0.15269584204183462
742,0.0591075960298646,0.9959428764422582,-0.14032638883375848
743,0.41934281791480854,0.16635623965383148,-0.12360475383636423
744,0.017183604720297837,0.6817303626073336,-0.13499075542201322
745,0.29227922333234463,0.03813016797665128,-0.12901445368932568
746,-0.00727637730675601,0.4483069380429132,-0.10755450854448853
747,0.08198731198392525,0.15472024086783265,0.19065347648076542
748,0.06769162449411072,0.7446298910753144,-0.20307905285065242
749,0.3958376950331798,0.23904011305441084,-0.2736096867373797
750,0.053003864174681066,0.4182238467420759,-0.10369776759191264
751,0.3790173238268877,0.39411971184577255,-0.1383578156348196
752,0.5365357912916853,0.2869116768003569,-0.1067496439270193
753,0.0542573270221575,0.36413599015925835,-0.3231314836286464
754,0.2560372507199825,0.40724606812374203,-0.07930827122884977
755,0.15035701376586214,0.7456422103775835,-0.11817818412241336
756,0.46637086868707,0.5688493629060768,-0.060287728639432506
757,0.18303021214885878,0.2661801210588059,-0.3030126666200853
758,-0.18567130762162903,-0.865273564968031,-0.11766468557401241
759,-0.234715248818041,0.8886750071534428,0.29043489006414525
760,0.43663092361535194,0.22990308339532842,-0.22191990433383768
761,0.052730469425222914,0.7635965807918725,-0.11066566668772077
762,0.2551594391636705,0.21451248932661465,-0.23425847941880468
763,0.04668468635354826,0.6774414572293164,-0.13466955124904897
764,0.2915099163290255,0.3285271015872254,-0.01851150160331705
765,0.10854128736608867,0.4017523892181478,-0.23142636525549304
766,0.11618488931851292,0.4253276155310214,3.7914643130771295
767,0.17551911828660466,0.3797836607813786,-0.838551448834949
768,0.16416876628139862,0.4046383364783528,0.01833112393295641
769,0.11966225366750735,0.3783252746211885,-0.19208912051230054
770,0.15469519898221493,1.8676748090596795,-0.14149296672032538
771,0.3859374092301492,-0.1300165087869959,0.22416537810825407
772,-0.05320723526718654,0.661896257476451,-0.2103403242948801
773,0.29428085019852934,0.3054450362118684,-0.13810059496710472
774,0.09783817997571305,0.41045722072063895,-1.2012133819849526
775,0.24716558203577355,0.3978288782149094,0.019131119768379695
776,0.15062307206580056,0.6486210476915378,-0.1059397510019944
777,0.24801817930878675,-0.019801707159284587,-0.05851750941010239
778,0.06689859991965973,0.7993752888969025,-0.14831835834747634
779,0.041541366352255804,0.669890671930282,-0.12153490735496394
780,0.0787571457208574,0.3006229314409255,-0.11295831049442792
781,0.12983517388470153,0.4419012906295234,-0.10173023380316037
782,0.17959634771142396,0.3765504457236521,-0.1266700510961504
783,0.27720608358174437,0.44728603290544483,-0.05899646986308521
784,0.16240191275907587,0.5220259278456658,0.02976615177724154
785,0.20935279626747783,0.003098887863130284,-0.2875881925860082
786,0.06116327831990659,0.05374590913528071,-0.11581625903186639
787,-0.0009567806348672915,0.5769708273512969,-0.1359784972426955
788,-0.03532849537003874,0.3280713731984203,-0.13321920452909541
789,0.18340010665258139,0.44038213541698495,-0.3861441051930738
790,0.13371227241087236,2.4797686796780245,-0.1263261287284536
791,0.2735640742229974,-0.4648230948121218,-0.13267328381859822
792,-0.3095508837520638,0.7242527461682143,-0.08079219689265121
793,0.35310073485803856,0.45613696217396926,-0.13250752101163835
794,0.1446043612822119,-0.10304286901784665,-0.12641161441344936
795,-0.12490499852319316,0.5778381106865902,-0.747860276768047
796,0.24663077788966006,0.33742566556177933,0.06701014958783552
797,0.12571836880177956,0.39138633846071275,-0.009669044789445053
798,0.15961767716584002,0.39646978311101433,-0.1349860889035182
799,0.17131029023494346,0.30997663631171757,-0.13893904739266963
800,0.047849568589288724,0.5135967577336229,-0.13198316242180655
801,0.17581598041551852,0.6173599009668975,-0.4918007167060515
802,0.05202497930949457,-4.170182273750002,-0.09644625054822734
803,0.297896468565801,2.2994650041350226,-0.22578084998986625
804,0.3046781924498017,-0.42218048174862816,-0.18529118047760196
805,-0.2360577747449136,0.682127663307259,-0.1169492939847841
806,0.33218514387745024,0.22094158852788698,-0.13034567368363262
807,0.13045682598679237,0.4379992596404315,-0.14061878766237976
808,0.18875807944866183,0.37622210229857883,-0.12934062771728516
809,0.14200780030874185,0.40100513532168014,0.019417345527496882
810,0.08172601590538948,0.20928568726934718,-0.14712151892704403
811,0.36396409480325387,0.46477645912398724,0.311832476861287
812,0.1660300806368956,0.8879143617516347,-0.23119322775557083
813,-1.8332780836549143,0.182475840825407,-0.0995348740713722
814,0.3492054621822902,-0.21848347732598528,-0.1397319248096072
815,-0.08848851111143934,0.6080565105015345,-0.24308788281467233
816,0.2657628245081653,0.606659016762942,-0.20713607480513224
817,0.23142770403019805,0.29582647668147516,-0.15047367522689142
818,0.10180731794645703,0.42616816872247826,-0.12705201011803846
819,0.18016525483905035,0.5063451238123253,-0.46072449264348886
820,0.19977865100839579,0.3442518277711651,-0.05512761792793347
821,0.135584623029453,-0.1087459041977693,-0.14840835228166255
822,-0.07020720410761548,0.6088848408816444,-0.13161976121993083
823,0.28499650728136944,0.09281481318572926,0.5218584258731939
824,-0.014955838558802288,0.2720237909484628,0.08769830431286829
825,0.13364871687463917,0.030936817800791716,-0.17779404972667232
826,-0.016808913560005086,0.4834308055284477,-0.1258344560831934
827,-0.41638680526874905,0.39693305239617355,0.04414894237616404
828,0.2404580803175548,0.35319128880267164,-0.30480376029211487
829,0.12671769399583835,1.548624416213202,0.054542916311242265
830,0.35628843985755454,-0.041821302763251744,-0.13922323861728034
831,0.09647764600008311,0.5346008156278302,-0.14518974457777506
832,0.2108858722691534,0.3016582382040099,-0.10956379935924025
833,0.12698680413404276,3.365995906676586,-0.23916244476472986
834,-0.129325152317989,-0.7532433980536691,-0.12048754016840212
835,-0.3004611008716017,0.8125527944802823,-0.3341430806118248
836,0.3852652180420302,0.21630552151159158,-0.0760751775280186
837,0.11220214209258697,-0.7314126823733765,0.09760255384042696
838,-0.36346966616235626,0.852476919566663,-0.25249076992386016
839,0.1995958474777776,0.1726801334000846,-0.11480789209289127
840,0.3704496505933319,0.4147124060556336,-0.12742171923591938
841,0.13456886169732357,0.3679565185367233,-0.12790239102400508
842,1.101373687763843,0.47221331564904595,1.6619409645789103
843,0.05290307201100533,0.16648946320845556,-0.5538641709567613
844,-0.2727299387278722,0.48128791226482476,0.33378456018863767
845,0.25739199738964075,0.17350502194392733,0.4159262117289642
846,0.07132098991447247,0.570059363569056,-0.0009808273212239538
847,0.24331437624800015,0.3297042205428076,-0.15704461868630956
848,0.10672660395466578,0.23893210181594826,0.1098712825164786
849,0.09898152173081304,0.4797927426754455,-0.17304668737304305
850,-0.003085259321664674,0.3498533471609575,-0.4687339504325837
851,-0.12337279830998327,0.48339351331635916,-0.05052052128422764
852,0.23420121956678747,0.3599218131068889,-0.1992197525608443
853,0.1557482311597501,0.9494282189889608,-0.3050907732846502
854,-0.8140898549170235,0.1748994052011158,-0.28527373244384474
855,0.19965845543037025,0.312249294733966,-0.09231088691648236
856,0.1073678724443593,0.3489843216671018,-0.09070661808438753
857,0.06169153225851852,0.41743418181104774,-0.22618568367460096
858,0.18032319252489729,0.38955572653768533,-0.11188416140824062
859,0.15088036030639632,0.7294653520986187,-0.13842417913272795
860,0.2892141207850392,0.2601816281869686,-0.0175066430121934
861,0.10149160620372699,0.3862067327178087,-0.21097947422289176
862,0.1679423492120941,0.5266681414432769,-0.10736244080918332
863,0.3098869319215217,0.5476455364251587,-0.5488140311981375
864,0.2821807116366911,0.40322411629240507,0.3877723544644527
865,0.11490932386604774,-0.23500340230607214,0.4430038102513759
866,-0.12531670630868663,0.6106408042023601,-0.6170897382798419
867,-0.5858516786743668,0.29786922744887745,-0.19072489612815613
868,0.2011981436486559,0.3387034221979971,-0.12423201662148335
869,-0.22699480433443428,0.5779297338362301,0.14560178022939513
870,0.24897474819853263,0.5701921793544553,-0.34271907552218295
871,0.21406846139651653,0.2010464908217106,0.17047874468442986
872,0.06524352629162569,0.46277419401195224,-0.6326548173968687
873,0.18202729700778283,0.37429837485801715,-0.02354886984310475
874,1.1678535772802325,0.18925258895149638,-0.6631722091490906
875,-0.08068217408069582,0.14302422615230076,0.02042203954863278
876,-0.3100406821632938,0.3579311100627822,-0.1541799754796736
877,0.7142567232492973,0.40049515033128297,0.058896945510922366
878,0.0760989903380384,0.2554815955148546,-0.16838017093696228
879,0.10065951730473258,0.48282676850579165,-0.07871137515351936
880,0.22979050643870946,0.36229499500112616,-0.2842515757441213
881,0.1023391489277844,0.39782431766065823,-0.12055253870431132
882,0.40392864351632085,0.39546539364323174,-0.5561911985424599
883,0.7028227415798534,0.6104916026252426,-0.04807669652633946
884,0.3706431427298568,0.5525800305563787,-0.13707209145026175
885,0.1918657891428979,0.3048302386182608,-0.14095468672490463
886,0.10101129266263884,0.4214946588307468,0.09046478001001351
887,0.2085332404076168,0.38818120265612693,-0.1794962387255687
888,0.22753289199770788,0.4132572653276161,-0.202846387983746
889,0.16676271433528533,0.3769442406725817,-0.6255232964702887
890,0.15016093098848565,0.39004666156784784,-0.08259439988781055
891,0.4346391141913598,0.30423079794614005,-0.07827001570448318
892,0.0771184104240986,0.3650945423214573,-0.44742977826334623
893,0.027739851204064747,0.5058327744609676,-0.07387918441194177
894,-0.0017708933606909727,0.25036317547777165,-0.10892440975703843
895,0.12111343471454117,0.5695743814861229,-0.12623144307240725
896,0.619407854851372,0.40882309532333067,-0.13623727047184128
897,0.09628547541066447,0.31012993882716416,-0.23717556303659765
898,0.12764627189582284,0.43173243259825567,-0.08085381358234782
899,0.15877019905316142,0.380419446614968,-0.20977044991670046
900,0.2963345160083215,0.11277614696151217,-0.12740600992872755
901,-0.2487356781256267,0.564982632889419,-0.13334476522880556
902,0.2550571952498217,0.3196231135152298,-0.39327654331532036
903,0.4234243209260699,0.41115666163723574,-0.027921584166683402
904,0.12427884415440442,-0.023646387286206827,0.002884863229279444
905,-0.028969601693597715,0.5608799899569087,-0.5139954968659783
906,0.527015962147028,0.332188681726691,-0.13566272263935986
907,0.2763388319316251,0.5167343649624556,-0.33826332718355845
908,0.19740323231880452,0.8673296369523484,-0.06708163213268785
909,0.558995682316564,0.17721966146823392,-0.1420643183141922
910,-0.6706756864435705,0.7457301886536452,-0.19074090310873687
911,0.3162917061911447,0.13752552773042043,0.04627504271916649
912,0.018372628825272967,0.3860677444044707,0.26709855055665477
913,0.08144795170948865,0.40448610843664756,-0.415891767957966
914,0.14383914222641467,0.11847404121279542,-0.07352361999747267
915,-0.03187740368017543,-0.07198082206560452,0.1624686254307234
916,-0.02877905928902153,0.20080480211049023,-0.19569606821303867
917,0.05184329703560402,0.7746379821093019,-0.4096436425358033
918,0.41741555799255836,0.2555423189315258,-0.1003344238847231
919,0.05775684265857966,0.3707353029247708,-0.14802535504417788
920,0.38091459458664456,0.4312756177741199,-0.24397829279805625
921,-0.1815670104725557,0.4418363773284994,-0.004665323839541158
922,-0.5743115979141218,0.3820507151233613,-0.08686298121830895
923,0.25672195077938975,0.27190736129094967,-0.13993214154373587
924,0.08827709856163378,0.4577151028816786,-0.09645986530437317
925,0.2282737267343906,0.3838256809108316,-0.049108949341682334
926,0.18512996210951863,0.3155262411586535,-0.13329802292772916
927,0.10202251304868037,0.41968827342463755,-0.1266646969445198
928,0.29176182135614515,0.3846659756736587,-0.11770338735223428
929,0.13142910788169276,0.26509918125066284,-0.21325484627360972
930,0.10016693012458297,0.40592941938871596,-0.11570484711278403
931,0.2508894423578965,0.6013785356112066,-0.13056189468283425
932,0.2699729165707634,0.30051570277730766,0.07628419125534033
933,0.09944341811820735,0.39795310178046084,-0.24469689919636306
934,0.1666215990916066,0.4249401981434557,-0.10434726254698076
935,1.0057383185361892,0.3916810905787936,-0.11968179377892202
936,0.03234803157528202,0.2025272525376992,-0.08923051720747582
937,0.08919507884529648,0.5724953631579509,0.0047605044118357726
938,0.24010840453180698,0.19712954235462118,0.16485437787932497
939,0.03299888492121659,0.45983744789286696,-0.19340891113225897
940,0.4177649084228635,0.36343068838849857,-0.47274659857942325
941,0.5523983506883828,0.37954431710761477,-0.08144191756660371
942,0.10460552402508069,0.3509423287726088,-0.18409877760202278
943,-0.47481938431592025,0.4142037424658115,-0.0992174592354826
944,-0.3214924129763392,0.5107871713303903,-0.041297063953780425
945,0.27448095894746005,0.32482684102717074,-0.14832109699717605
946,0.05802709095987166,-0.31926902796163237,-0.12282411314030085
947,-0.18812811949785124,0.7471518695138076,-0.130218303177548
948,0.3393432536363666,0.2604250498594531,-0.14387598206729785
949,0.02777389351937362,0.421051943600774,-0.13509185438033847
950,0.1763436601652013,0.33042671349835695,-0.19589693328761026
951,0.12535162936318506,0.41010621835067257,-0.5814608105976586
952,0.17076881852302553,0.25082286111059016,3.328772566989438
953,0.09132167668994642,0.35103928167288956,-0.8726790167360102
954,0.14733072322591564,0.39651166878122046,-0.2890250324550789
955,-1.6822021011194486,0.6591634758840367,0.028915644515650735
956,0.4858087153751064,-0.3179489357494652,-0.23022416234316803
957,-0.05864257009984547,0.5160386132343057,-0.15580322450807899
958,0.3424459246746693,0.3506371548536168,-0.10747969654191909
959,0.5274071079285393,0.38506244859910177,-0.02093786949525267
960,0.02513215570397405,0.3293547423714503,-0.1486134289463564
961,0.10895864879036027,0.5793523648846137,-0.20250455989868743
962,0.23677635719183363,0.32309593270957415,0.006502868752102889
963,0.18490687409051546,1.046251734322022,-0.35050761097450467
964,0.37644999154532294,0.2797950164059826,0.12117434479324782
965,0.07491981269594303,0.40926846804039546,-0.21669233802894058
966,0.17466251914013517,0.3922825124389427,-0.11468333139994694
967,0.1531569415203666,0.3921105124379771,-0.12761586373458245
968,0.11616677542252264,0.39412884674837956,-0.1221469316256794
969,0.17830573324331908,0.3670699553524383,-0.2799358761826565
970,-2.921131025740097,0.40166290967417423,0.3114789745889893
971,0.6021473770025871,-0.7849503983165002,-0.44019400468717684
972,-0.475972671262533,0.7727166390531937,0.2528662393758103
973,0.39438291113572727,0.13353210483611028,-0.171856306111951
974,0.05334556843373041,0.4604167359871438,0.03210965344224949
975,0.18159361239543353,0.37617581567851477,-0.11224058205715298
976,0.20602058679734184,0.4005912764125312,0.017560863907831986
977,0.15147716750508988,0.39281478789880997,-0.07931213111915547
978,0.15847919169504696,0.3934049819495307,-0.1422069723790239
979,0.15422092050833583,0.37202659311649633,-0.14675636284742863
980,0.14830325568724706,0.40833562410902835,0.36572124498627956
981,0.3336945850486457,0.39579740354452364,-0.4672204549759357
982,0.029056004277958514,0.29583951230357275,-0.03389959941023227
983,0.04009140483150503,0.5305154538977015,-0.14638535485988724
984,0.105847382147542,0.34541689373347423,-0.125776825855565
985,-0.24468161603154792,0.44826745752627195,-0.1370925968575579
986,0.034999646822136715,0.1971456250348966,0.07708498113976076
987,0.21176977602794772,0.4698719881581606,-1.694376561516925
988,0.1790446358091001,0.34743965470906935,0.19982669366091943
989,0.15098659056766076,0.4017720695557536,-0.2154966289058143
990,0.1606869431818959,1.135327378515698,-0.1140651158868982
991,0.9477898791536441,0.09747889204745212,0.38837570711501146
992,-0.08896533943107034,0.2875777113335142,-0.24509921318387395
993,0.1452370115257608,0.44829332127277904,-0.06190719390422916
994,0.8576471154908527,0.3359522329861627,-0.14848952880164976
995,-0.17807648145541077,0.25198613853377705,-0.5793617175242861
996,0.01873450780265258,0.24678677662248838,-0.3192931880184032
997,0.05240398686554092,0.35055619816346045,-0.0915104725567468
998,-0.13286137181204682,0.4157098011104944,-0.1414519895093434
999,0.20717947957159535,0.20965878434586263,-0.18384386797330682
