,V1,V2
0,-0.13901766433666016,-0.1091575591011031
1,-2.138092151739816e-07,-0.0011649996729091183
2,-0.005416524256720779,-1.4782836056781286
3,-0.011137862051441585,0.30537100305783943
4,-0.3493342326545789,-0.0004274015782397169
5,-0.011827820645337508,0.15030031019117865
6,-0.0013941937775207814,0.00029699782609855763
7,-0.02720316123768044,-0.002585709989745508
8,0.025712730582085726,0.09206419431325547
9,0.5269089532275782,1.1728970612001868
10,0.0026114069172378496,-5.410234818135814e-07
11,0.03541490457920088,-0.29426740078763985
12,0.6056592113313163,0.009537044475918867
13,0.007993434403206219,0.15844607736891858
14,0.36717191827121953,0.056653773389544616
15,-0.07307538511557994,0.15075494660013314
16,-0.00025783983842493424,0.09371466986932853
17,0.21847484356677854,-0.09115371959038769
18,0.030791767590565483,7.20751860052229e-10
19,3.263950365032102e-06,0.0044098452182690885
20,0.07739895415582011,0.16723818567491983
21,0.005509299688804884,-0.6781914540043408
22,0.01376818421482316,0.1439986190488862
23,-0.004482946929535274,0.00043880245418755645
24,0.0009100137740469142,0.2027336979073486
25,0.0035420393940149017,-0.20163561172594668
26,-0.01236732964461319,-0.46780066846693136
27,-0.9152632173030311,-0.13712259450402967
28,-5.6330908484947784e-05,-0.05193729386408078
29,1.4799649170651588,0.00016124089597146704
30,-1.907932469708004,0.9927013532750278
31,-0.07617471095755768,0.5758173417475847
32,-0.0011745745871177575,0.013424385228567088
33,0.001953365227453752,-9.702011347622612e-07
34,0.14446646576815667,-0.030585938696527572
35,0.11326611843045489,-0.03571575035860799
36,0.22163756277022195,0.025562641190481735
37,0.2682146962311216,-0.006183001723007955
38,-0.028288510039686895,9.714192004995454e-05
39,-1.7804777844448294e-05,-0.06436235384460033
40,-0.012492697892844788,0.0027034064470776087
41,0.008312125405468062,0.02644429111582612
42,-0.005307812337047891,0.003386466785956013
43,-0.07864878701522421,0.014270241955930477
44,0.7047521409585743,-0.0107791334060656
45,-0.00033954831204396083,-0.010586035177114851
46,-0.026058621995581677,0.021137005099001998
47,0.05610467991334375,-0.14606845867767207
48,-0.17752475693348702,0.00427938523897829
49,-0.012757146707395096,-0.0003388906389892777
50,-0.034582378292063856,-0.32412147908912897
51,-0.7695207150300986,-0.023811583919565758
52,-1.873064879395087,-0.0030826130113969946
53,-1.919227906435361e-05,-0.22131048156924954
54,-0.028254136868431992,-0.009089532732860488
55,-0.02897321046770168,-0.0016260956782536357
56,0.04553750481740292,0.1085970614652045
57,-0.07265845607916431,-0.04652533340185233
58,0.4858046949444228,-3.5810671861562964e-05
59,-0.48899327181293994,-0.10651472744010265
60,-2.1796436146143425,-0.00020223971477987925
61,-0.0011566275289868282,0.000773545649661428
62,0.006277375953083742,0.01258353775950285
63,0.4571846298141938,0.20882948380563213
64,-0.012036851941969547,-0.013174744285676512
65,-0.005319881743448106,5.169350454766136e-06
66,-0.0004890472547168384,-0.048344060869797076
67,1.4121709184775584,-0.03876199768783133
68,-0.5918352288607673,0.0001875791591502278
69,0.003921776279480957,0.33127149584887094
70,-1.1743149070745509e-06,-0.0008032566548649978
71,-0.08847279236362954,-0.0052103058451157805
72,-0.005623225483982272,0.08283919633840459
73,0.0001314011607158092,0.0859146980987007
74,-0.06253835592942185,-0.02920889559410594
75,1.0882995490401822e-12,-0.012599229692174913
76,0.029256327702946863,-0.3025378701297144
77,0.042099970564427186,-0.010376147243744877
78,-0.010107641747171667,-0.06255213963154115
79,-0.0021355207796993083,1.6621351567921784e-06
80,4.4737112730757685e-06,-0.7605492827849357
81,0.06102774373029064,-0.0727284302541174
82,0.00043306320021443414,-3.907007805200977e-06
83,0.17655223456683344,0.0055606330300677275
84,0.012690012785603276,0.012173019220999032
85,-0.3973005841352615,-6.39360967288255e-06
86,0.10707043082054267,-0.12012603696107525
87,-0.02784673478922506,-0.0035920079473886445
88,0.015489317310180224,0.011650227988641754
89,-5.076085856206837e-08,-0.007857486942002665
90,0.07908992450616241,-0.020422360600707668
91,1.0124899252517272e-05,0.06790148988206714
92,0.000286449003795775,0.07084855996709145
93,-0.45220956913389476,7.9803611760739e-05
94,0.25600637012709176,0.00017198448072782788
95,1.5825058450099471e-06,1.581135748362685e-05
96,-0.006185588018477337,0.0021352829618141336
97,0.2118791713503252,-0.0531841213574216
98,0.0176820187249293,-9.148892544126923e-07
99,0.0013776620746749693,-6.738973480399552e-05
100,0.011052228234468713,-5.623880890910111e-05
101,2.354903882012664e-05,3.904247005559138e-06
102,-0.12268034655434608,-0.00975549192559162
103,-0.20639546472893497,-0.034766595431449276
104,0.07788812968348453,-0.0004334601837126806
105,0.11739692922965123,-0.20512018445795324
106,0.015771612175559065,0.0013454525923711413
107,0.002952182665967994,-0.012163552321596672
108,0.09151060717348039,0.013439203522887636
109,0.1539694958418626,0.17474216234459922
110,0.00754771747078165,0.10231783624329296
111,0.09976286800949312,0.5563760300102308
112,0.06896829607335296,-0.03180993057845665
113,-0.01490449126671343,-0.00020954409867502373
114,0.053962117726375894,0.42763144912160006
115,-0.10608465363991118,0.05922959318377274
116,-1.1516181865252042,0.055100309370874005
117,0.031436942959041446,-1.830775622484503
118,-0.006485082782168474,-0.04495187843297331
119,0.7305004031616885,0.013652913806235038
120,-0.1927014199955501,0.0076735480767456885
121,0.08287560035927778,0.82969036276447
122,-0.0013964077310874906,0.014992443503900891
123,0.0019860072932593553,-0.003989123920766836
124,-0.13148744191492562,0.0010753762213783532
125,1.3847219565584012,-0.5532044339958954
126,-0.0021930778360603675,0.050615537212658324
127,0.8375330899592325,0.04190856281400661
128,-5.5014783883738484e-05,-1.7384100106082339e-06
129,-0.1809721570018353,-0.908814038250541
130,-0.052530496616995326,-0.39600556255197683
131,0.22897477532245458,-0.01840312999299329
132,-0.019374135648458857,0.005008757634106482
133,5.524276885201995e-05,0.23159504502530998
134,0.27200238589426845,0.0014482224402012963
135,0.12663006473810132,0.10074607575896169
136,-0.1050510112149214,-0.007992666786752487
137,-0.0024896654276523496,0.01447385128650091
138,0.37917323760807403,5.035368736081616e-06
139,-0.016303995337044463,0.3401643217352356
140,0.08863701925653387,-0.2008768735147365
141,0.0009422076882721309,0.042712164338281434
142,-0.193150889092052,-0.007757156201622694
143,0.002824586210704048,0.14577552458628867
144,-0.02142556124698595,0.0011311771236106236
145,0.00018638578957226346,0.07550491977124667
146,-0.04946078073658844,-0.0003025331444704368
147,0.02669583685746655,-7.314270669085494e-08
148,-2.122461908743195e-05,-0.02531304460674773
149,0.07616652704076964,0.48971664642693774
150,-0.12970884239463273,0.7275353142932987
151,-0.0005345670996890889,-0.19046274759618662
152,0.12088995368294234,0.04819879795167577
153,0.1893875653025373,-0.03377406510437194
154,0.10605713080742851,0.09600243179317706
155,0.06375822584752656,3.8453142034398585e-05
156,-0.03929209929457591,-0.058301961123618254
157,0.008531464423963579,0.01153253689106095
158,0.026966636599245305,0.10318855840432728
159,0.001796679691945166,0.05340734446346456
160,0.035371625631328917,0.0024123194628383384
161,-0.008325428225719952,1.4575531012561735e-05
162,0.05002242605756052,0.00101896456070977
163,-0.001768840316867664,-0.5527912997525751
164,-0.05919856410482727,-1.309488829509445
165,-0.32398690995066426,-1.019647442812482e-05
166,0.13580244745382603,0.018667408566428328
167,-0.17140148810196848,0.280833939612062
168,-0.10839370493470778,0.33434028742835653
169,-0.3878247035648968,-0.017044938737985925
170,0.8526872416159726,0.09589909101798891
171,0.6751105546845534,-0.2454233772178573
172,-0.050943458328509605,-2.6987622191461845e-06
173,-0.607626268095376,-0.03493441434078006
174,-0.04673849745100636,-0.048019522253718375
175,-0.02715892652527252,-0.37583995456185515
176,-0.011573954253453518,0.015791133930677523
177,0.005284577944592989,0.02136893532395907
178,-0.11119551833439029,-0.45952833693637596
179,-0.0002402011160158142,-1.2503761913852238
180,0.005701279341597602,-0.0012998682358968758
181,0.004451125068603548,0.2973035553548732
182,0.0040225842693455225,-0.0023213067099500276
183,-0.021309799509586672,0.006570219347477183
184,-0.0006702971451502788,-0.04758705852134245
185,0.03434779308328968,-0.03926878880346946
186,-0.23294882033520575,-0.0009136562334528345
187,0.08227318837388593,0.005848884374019276
188,-0.009154463067973932,-0.04826158502938144
189,0.0807290316206384,0.0056046394221082145
190,-0.5884951500403689,-0.31432740486385913
191,0.007972840549729783,-0.0013806363124113203
192,-0.018256787917179187,-0.7161295949765464
193,0.12248909521285506,-0.05618925275053502
194,-0.00017719818882972762,-0.672465725694221
195,-0.11016778886562922,-0.006250994769941624
196,0.05827705427936228,0.17737974322779418
197,-0.061829663425334525,0.0021860855190028194
198,-0.16637601373481506,2.8351128924393914
199,-0.10951218668933112,-0.0016615998456865483
200,-0.07657726806279759,-0.01677782920204928
201,-0.05598994898069803,0.003716899486439765
202,-0.0400854174916642,0.46356447645787136
203,0.0630666359441213,-0.23326657644906815
204,0.08497819187006429,0.004224945901442805
205,0.17149515839010487,-3.8091587188185876e-05
206,0.683827123023396,-0.07216163341067165
207,0.014452925142528557,-0.2594701327248783
208,-0.0002778214844438998,-0.5885568493703321
209,-0.21540972964493724,0.40594554175044445
210,-0.010684552542155187,0.14163530263155213
211,-2.231783024248582e-08,0.25064435999647505
212,0.22388275784851894,-0.006305424119037882
213,-0.027660734199422873,0.014835668023839694
214,0.4116232297828042,-0.0009511448804635945
215,0.3829568379272411,0.0030299695906977706
216,-0.0017186287739212132,-0.0031949952680064364
217,-0.004635384969860543,0.006909949848187106
218,9.391872192880101e-08,0.09857027189213338
219,-0.049290935270588365,0.0084453114256656
220,-0.13448449629302345,0.010880927395123287
221,-0.01791861581738287,0.050196400195659824
222,0.011152666320722777,0.2729094061044919
223,-1.191565337452652,0.09034889085523767
224,0.03331992363865131,-0.004154606964972412
225,0.4287160989361338,-0.40600700244129073
226,0.18619225485105997,0.024640709916531858
227,0.4484817213737114,0.09202864897346162
228,-0.32809348655810955,0.0011441988825030259
229,-0.12488685833810503,-0.13803592040500354
230,0.3978714236862582,0.03066086703702624
231,0.005843841643416548,0.004945059895565197
232,0.2074981844461671,0.025944125137294716
233,0.0009389984285224054,0.35518387960074266
234,0.02381386253170349,0.28782829676194127
235,-0.10069036728621002,0.8218061828210117
236,-0.015108819207769056,0.14457503348522063
237,0.08200983300660632,-9.059759184690151e-07
238,0.0005759828818425802,0.006190795075921791
239,-5.0686256665823205e-06,0.7707096300818428
240,0.05983525939065568,-0.011105659239541939
241,-0.05379140240895776,-0.0015337047704174938
242,-0.4682088729961737,-0.00015745899302535506
243,-0.0615321889364303,-0.8031729978601698
244,-0.0022357924546819825,0.2787014973791199
245,0.3511332704190979,-0.003815195595960795
246,-0.08825093674975595,-0.07043043798493173
247,0.03816943989774882,-0.05006021794168322
248,0.017135026777469132,-0.2835308277026397
249,0.05712701803735329,0.4195189977290089
250,0.3169126582762092,-0.06758934510458307
251,-5.584280523737582e-09,0.002862841661308582
252,0.11825646995819417,-0.01290084532133645
253,-0.09517910079542119,-0.043059879597917634
254,0.1278563529823828,0.09538082999791175
255,0.004897364319031189,0.08726783868230704
256,-0.13057068674979042,-0.07496353688269626
257,-1.118639690775586,0.17598277417878697
258,-0.00018831439405278522,-0.04025745263776514
259,-0.0005668220358992656,0.002375087107838396
260,1.088821027048378,0.030759151630255478
261,1.1435965996081903,-1.3271005564373209e-07
262,-0.1019245380153016,-0.746929252063975
263,0.10116627917574,-0.002585783219519631
264,-0.00019158992450635392,0.05061119587749252
265,-0.0003544356304828617,-0.00610359974042178
266,-0.22026308077807003,-9.754674281547585e-07
267,-0.002062625264761431,0.00014286896719545108
268,0.005115174596625927,-0.0004433640122351994
269,-0.023965089331319682,-0.01385889689723171
270,0.029926977866789085,0.22672767374134742
271,0.00017960365575189774,-3.7492048882377556e-05
272,0.5400953173390111,0.0003974166322691273
273,0.05048951926727309,-0.0023443419629461774
274,0.01044259163455402,-0.03157787556098127
275,0.0003984197744924883,-0.2867379809434631
276,-0.005282470566295996,-0.02475980255499693
277,0.08929106624522638,-0.2835629217406916
278,-0.017500838348684582,-0.010544743794579653
279,0.04298478216919981,-0.00019076878849556345
280,-4.2883827098087125e-06,0.19450799356420861
281,0.0004893368934779593,-0.17967767894782766
282,0.8206598355009892,-0.047288216615229604
283,0.041049438256324046,0.0003438421560828274
284,0.046543135957340595,-0.007730758999756087
285,-0.005903736902738888,0.04415499454942712
286,2.4413617030216943e-06,0.012050766562541169
287,0.0008541891573512534,0.41746646099861817
288,-0.03878976343327413,0.7586222108573386
289,-0.08409905729424624,3.1685470708000585e-05
290,0.001529959208478272,0.182590545249119
291,0.21673848442836255,0.18388995084467874
292,-0.16080049015176845,-0.10596933381721436
293,0.00028465257942790435,0.0002445085911122931
294,-0.03259844947758255,0.6644624005862633
295,0.011154184497466286,-1.4534608030775233
296,0.004218435261293601,-0.006308028261921554
297,-0.20305234475659695,-0.005011088375173518
298,-0.16994395144301921,0.003203028394417667
299,0.009628752310787423,-0.04895303865572034
300,0.00043743967122481046,-0.03394912224617496
301,0.003998536390524608,0.010114884817502291
302,0.02148539173497871,-0.03494028675064661
303,0.026665920816102046,-0.0006395915751355347
304,1.1560192578061206,0.0572202681706862
305,0.006395342362545183,1.0411198669066137
306,1.4191099141227163e-05,0.014055143451701939
307,-0.00276511133444083,0.00020076079263755533
308,0.4096739865256682,-0.018420244442058337
309,0.11458599945398058,0.6295432213866019
310,-0.02465555573355799,-1.5830363628268053e-05
311,-0.11153210818911699,0.011110086088164571
312,-0.11856839912545472,-0.1740874756832248
313,0.07335453465557365,0.056584490774846924
314,0.11002368989816749,1.0407842611838753
315,0.0008201944420144348,0.001975009374381643
316,-0.6740198649746157,-0.3223610080952669
317,-0.2422190391698826,0.0024574126958544626
318,0.004873869359851982,0.023101633190024798
319,-4.037563716811782e-06,-0.31203470676233613
320,4.335466707126916e-05,0.9352836551508539
321,-0.0008676316401273369,0.4189223147120486
322,-0.012446276954302463,-0.002746868831755496
323,0.0026091875106959124,0.008076381982648654
324,-0.0005593715765182795,-0.030215330274313158
325,-0.4946465610405887,-0.1377188190145054
326,-0.016436765546949113,-0.2707719380845929
327,0.0026183748506515662,-0.08632544675487062
328,-0.00565396243951888,-6.0696453135665874e-05
329,0.031095683340250986,-3.42302845221223e-07
330,0.49454865702264217,0.603351955680111
331,-0.24892980802793133,4.392604996381251e-06
332,3.308016083009532,4.943537056744989e-05
333,-0.010657905244333398,-0.00022692877825468365
334,-0.0003518425473227165,-0.2560543534743062
335,0.020937873990689852,-2.3413795845776773e-05
336,-0.2691263437109922,0.0006324229056658498
337,9.070319858613221e-05,-1.270329023609973
338,1.2621415811344937e-06,-0.16856086990933639
339,-0.014365714499097619,0.2870825566068023
340,0.0025909715062077017,0.1284680490352214
341,-0.02976278277249471,-0.0013921441513490588
342,1.0844357856776797e-05,0.003325721212735216
343,-0.39505912881271227,-0.0905767703360279
344,0.018946230741053227,5.000351139489228e-06
345,0.08091171817034915,-0.0008917736962645076
346,0.5813032651122854,-0.2798486058538353
347,-0.03715720348837549,0.0006441232020961696
348,0.023143466794312752,0.06323260543004541
349,-0.0019300293579295022,-0.3896044572447298
350,0.0819196345135767,0.09764035446454938
351,-0.36405603652658264,0.2964416650961524
352,-0.025544447943480222,-0.014579825104417334
353,-4.8535417480473825e-05,-0.2151795642738797
354,0.40669405770121125,0.19488852595486555
355,-0.478653541734956,-0.24164500521765736
356,0.038248304248411163,-0.24301801901781053
357,-8.60352704689914e-06,0.11686516955900327
358,0.004981697650712609,0.004727183460027731
359,-0.016128843445254212,-0.00504510792768792
360,-0.3377237789774337,-0.0003366846739809214
361,0.2076776054560063,0.02432970834023552
362,-0.12149241805578093,-0.053209346023062425
363,0.00035614612199469424,0.04586379245784992
364,-0.11336739668625902,-0.001168479164180961
365,0.0019245023293226568,-0.0008162055199092381
366,0.16540678342925721,-0.002730080408533379
367,0.0032575025695448616,-0.0398097394805581
368,-0.02409866013503404,0.01744501147118549
369,-0.0002141085926754897,-0.29653827700762964
370,0.0045682082137097745,0.18049624011630355
371,-0.31136355891838174,-1.548047206858088
372,0.015714721754899838,0.015119459083516
373,0.0002620150142504369,0.012709988091326757
374,-0.002824906047870539,0.007302071080444547
375,0.019515083754006422,0.029089425117716533
376,0.014876405675566208,1.042494639022848
377,1.9597409649933422e-06,0.001844992362120292
378,-0.0007977178749971076,0.1892075426603694
379,-0.019626919750414723,0.015443955417456232
380,0.00714165554290902,0.17406568089048047
381,0.41520191013283797,-0.015588532171253743
382,0.019277018793996528,0.008803666247910394
383,0.041017288361027394,-0.004220417183104658
384,-0.20302398341160918,-0.00042474027191347595
385,-0.3618360970726218,0.0015683201403782995
386,0.028979240136676535,0.12474268696635814
387,-0.02000523377276493,0.19799461789140513
388,0.1568171470638778,-0.00011431270174835232
389,-0.0010294871689620223,1.0260309964547039
390,-0.00033728210686376166,0.0973163965548463
391,0.007651954706713682,4.50099036705864e-05
392,-0.005204557123484523,-0.0043375846675207845
393,-1.1586447557164918,-0.013959841525297712
394,0.24215255148312004,0.18496780600310644
395,-0.0030833768769384824,0.007058507242606812
396,0.008401817260098858,-0.020659710905244818
397,-0.021713902966136775,0.13592266692124788
398,-0.005084949394783354,-0.12069813370982961
399,-0.00018463655398692725,0.08579983016289716
400,0.03376710159478297,0.03812766563938162
401,0.008351392109847606,0.0331805136433849
402,-0.3838067873477198,0.0005603862179932079
403,0.024927597702359267,-0.14571874759883116
404,0.0003389660433969053,0.004276061382003497
405,-3.074097669209048e-05,-0.002603120800890028
406,0.07930008751604048,-0.0559521571535815
407,-0.8187740934992371,-0.0001367380964275243
408,0.0016269148318493625,-0.08287483556293238
409,-1.636992833144462e-05,-0.00406130052380069
410,0.047772055895225984,-0.3171249075975758
411,0.0119561408642688,-0.01832747888963143
412,0.08152753216330826,0.00011177750869094817
413,-0.14155827493671852,-0.001756710208062275
414,0.09485351265178099,0.03797541597124361
415,-0.2376447784873376,-0.6758696812844778
416,-9.995275553588823e-05,-0.04888195510424178
417,-0.0075572645071956684,-0.052618930284471614
418,0.023003568583810963,0.002756795020260531
419,-0.000640576744086437,-0.12405024649278412
420,0.009634747140332994,-0.009556994293453441
421,0.016697906010923382,-0.02787101400305409
422,-0.002234750515612971,1.828722529926587
423,0.07208651204100434,-0.2916306879612119
424,0.0013069755979267048,0.02587302160723038
425,-0.6616415823368677,-0.0664478353897258
426,-0.10363080741787774,-0.17700294447891135
427,-0.05601301225527386,-0.023048875540973294
428,-0.0005642803750790669,0.030178097802344164
429,-0.015070202617984552,-0.42745038171654814
430,0.010214701187291484,-1.0885200488565767
431,-0.023499631358764518,-0.03203288391238985
432,0.05721091503539231,0.7426119920035334
433,0.006835851419803922,0.2344496776175277
434,-0.4273053405408702,-5.773850201340416e-05
435,-0.00025918902589542675,-0.0001384925727645056
436,-0.0350699562000395,-0.043649182172604856
437,0.02084829136691084,-0.016677079020834987
438,0.34044121680456724,0.005499038524230766
439,-0.29556155469295314,0.01685818041906832
440,-0.002834350063459858,0.15950832877578944
441,1.1565014099828772,-0.001790949197440825
442,-0.17688815443607742,0.06297876364274693
443,0.018589513992610537,-0.44645373493748136
444,-0.7749149010604306,-4.640902388672069
445,-0.0008411988172574475,-0.15912209626609988
446,-0.006932207782998643,-0.020780256917764535
447,-0.22632476529413836,-0.05958011563306703
448,-0.18194917358108964,-0.09297941417508129
449,0.062132541198992336,-0.3040980676317729
450,-0.00029911468958638535,-0.033744060042638205
451,0.274048794906858,0.0007610027960411655
452,-0.056632013050545965,2.4031244046675346e-05
453,-0.007436945775499468,-0.0862203434624278
454,0.2796653265103263,-0.01931366833150573
455,0.7262150248865971,0.06888490594093778
456,0.057356789300386214,-5.026734684003775e-07
457,0.008484655599901495,4.021757427677438
458,0.026636592048880227,-0.0003571461696035292
459,-1.7430549032603964e-05,-0.1220126022188055
460,1.1097473449660669,0.15616411059733992
461,0.11525303080542909,0.030029459943680364
462,-0.03712453651433572,0.002368471333429129
463,0.2593378831934891,0.011616823166567517
464,-0.003263170461664456,0.0924461971826094
465,1.9254378761123853e-05,-2.52198307942037e-05
466,0.008826475397996785,-0.0009012684594574976
467,-0.08239243477275927,-0.0795468436857796
468,0.019202228638131754,0.034438225923293424
469,1.0360934568416038,9.611842435546165e-05
470,-0.08309315216158791,0.0031903847480142947
471,-0.4160251846064396,0.034478108788052665
472,-0.0027261349265225807,0.4471761598376831
473,-0.010116504450652996,-0.42845653273229883
474,0.16697900708554503,0.004033516868187965
475,-0.1321604050602575,-0.17848334613073333
476,0.7316961851179288,-3.0150042760335055e-05
477,-0.13486872531249228,0.004774592014436661
478,0.007614787498539388,-0.12093283581417075
479,0.9462493965249525,0.041167522335669816
480,0.2897760239824891,1.5757662837412788e-06
481,0.10175298299296727,-4.687656557014695e-05
482,-1.0603861828908693e-06,-0.008262685516798002
483,0.0027495452864257966,0.17424675186376692
484,-0.04518762051800934,-0.025959670803602702
485,0.5435493129832584,0.002194086945081041
486,-0.009168947006203725,-0.003576408671589406
487,-0.004760497733082895,-0.17691967420389673
488,-0.0001661120411262217,0.006413341753206484
489,-0.0005367086031771168,-0.08088228178166589
490,-0.023286385998098687,0.2981314120958769
491,-0.00015953555993773863,-0.6838442915084271
492,-0.0035733712846605908,0.12310912852022332
493,0.024935863022704133,-0.04440393284785684
494,0.03593938092235648,-0.0358980631940099
495,-0.00046481624679152494,0.001780387461186545
496,-0.0013738932568537654,1.362100770124111e-06
497,-1.5956431138441656,0.0033181158908934787
498,1.8935480614107607e-07,0.06648867554964587
499,-0.04405047830345451,-1.0379970526245224
500,-0.10321638402318711,-0.0028885651904911355
501,0.09274018264347712,-0.04169747984007447
502,-0.035236158531211315,0.18492558779792745
503,-2.4200578725372948e-05,-2.059931392149615
504,0.38802771421765436,-0.2549455612822399
505,0.05004733546646775,0.1989434280635182
506,-8.274850203789922e-07,0.4040976913873733
507,-0.008139353730407951,0.004282502485724922
508,-8.344547827742448e-06,0.007588516500653161
509,-2.299462889183499,-2.0316407870614212e-05
510,0.04400560525056998,-0.2917940721588772
511,-4.413985741594223e-07,-0.1293375508787569
512,0.24271467673420877,-0.01078588948921511
513,0.056718130647095404,-2.8261988252168275
514,0.02066364928937131,0.0008419218806552504
515,1.5834400022010309,-0.008333065890774276
516,0.006543305264762854,0.06405013418239063
517,0.005712143829948729,-0.0031910578284930474
518,0.008176839537805956,-0.0021859680135856096
519,1.6518952204270931,-6.868018305147892e-05
520,0.005227162314097747,-1.5645513544739564
521,-1.7535865245691102,-0.014151101358642025
522,-1.9613133029125322e-06,-0.3225310660020049
523,-1.3551693025831098e-05,0.9618238221316391
524,0.034926466254674056,0.03890975498101956
525,-1.1520742936261494e-07,-0.0049338051105841385
526,-0.05505303277662069,0.002040512892046714
527,-0.13825881277329946,0.2928213235398606
528,-0.0004765482248920838,-0.5307679242062545
529,0.009452367353184403,-0.11902340881035703
530,0.3525013694074104,-0.01528193430495465
531,0.3849391893251004,0.1330993758359491
532,-0.0076542977454832975,-0.06720384399706218
533,-0.011334800105821283,-0.00010817847688718621
534,7.862118808380901e-07,-0.15352532789073178
535,-1.7546074445442246,0.07339506306510096
536,0.1815967987715326,0.057675895689373646
537,-0.17193272692173983,-0.026057849311228787
538,3.7314471614474543e-06,0.3391531375257475
539,-0.22487705423577592,-0.15819542859926797
540,-2.637663347820261e-07,-0.7420387869684197
541,0.0006677363275060503,-0.3771106727455881
542,-0.05822058676390153,-0.2584237686481998
543,0.011452385492851292,-0.102979554246631
544,-0.0005718127091895944,0.07326463088370222
545,0.0430183552388289,-3.0737605540636196e-05
546,-0.060840828872800415,0.022773313819949157
547,-0.0006418663510711748,-0.07531802908110229
548,0.000639410059353308,0.0008918984630320577
549,-0.03466360900049018,0.09796895152784237
550,-0.9058220501985531,-0.16754002568929216
551,0.016313232292927457,0.00784119638096176
552,-2.2552717191653718e-05,-2.1310482748491166
553,0.01189439742869255,0.6887248868348022
554,-0.12822570597882146,-0.003654453434787318
555,0.044959297791152986,0.021640580538509976
556,0.038283735678219785,-0.0052706184083411165
557,1.81462510028697e-08,-0.018921609626743222
558,0.10069858497598493,0.6050545990892541
559,-1.2489824465096933,-2.9433273395382716e-05
560,-0.11054763443394758,-0.0018810764982779141
561,-0.16887002786420632,-0.007218936928246166
562,-0.3055964527346867,7.181487412283175e-05
563,-0.026152111678332885,-8.664981550860116e-05
564,1.0963449700279971e-05,-0.07953508871949819
565,0.3774041295831302,1.447349149747871
566,0.00011073712763744989,-8.379165769875684e-05
567,0.023568336102251085,0.007144557441899894
568,-0.002581277343434781,0.08724126081000692
569,0.5680952259789079,-0.15845143004880033
570,-0.06220352300644749,0.0025130841936890956
571,-0.13341587045586803,0.0017594632433881618
572,0.0008128559890157741,7.436740610071537e-05
573,0.6592349227139549,1.2036165135688558e-06
574,-0.004753126553118682,1.5699655627083595
575,-0.0012405539711562925,-0.007212808568204949
576,0.33449840110634005,1.0160277232323727
577,-0.15605674311486262,0.9648026219324047
578,-0.08469910825352525,-0.14429591210592616
579,-0.5675816024206606,0.888033551896349
580,-1.5954605033620535,-0.0006327811217334306
581,-0.19096606087107093,0.08350753639930054
582,-0.6288285148967978,-0.014281030213362932
583,-0.180486481534564,0.0029002657565575475
584,0.279368604604319,0.0034999584711073
585,-0.0910037688674577,-0.21288600426474535
586,-0.04666103868994567,0.012568212365960944
587,0.1779904366393844,0.166331717075744
588,-7.091974774359635e-08,-0.025522915929124597
589,0.3646146277797716,0.001288744991488921
590,0.05432401775443521,-1.996188932428937e-06
591,-8.308222669698706e-05,-0.9073664238147533
592,0.779851522595687,0.08964034658481412
593,0.03415446921033624,-0.006804128772409178
594,-0.030381154382130945,0.018182070163764667
595,-0.1710354925965365,-0.3750029971945905
596,1.288852325638076,-0.00037215626522666876
597,-0.01914637305580017,-2.479453000546984e-10
598,0.03642507861597651,-0.28465197931173447
599,0.011428443212384008,0.003544580607724796
600,0.06104594279225212,-0.00011511357770600671
601,0.3635739071535681,-0.000462308618157192
602,-1.7811011750653938,-0.14602157163092022
603,-0.009528908192426064,0.005064739785728949
604,-9.670189873985471e-05,0.23961261160730718
605,0.34361676480385045,-0.0005306804493444051
606,-0.01566233929107524,-5.4066720820647346e-05
607,-0.036474927073165145,-0.009408125025527337
608,0.03471866197345986,-0.01157891852218219
609,-0.018942228418602162,-0.13848478511940643
610,0.0382911814669859,0.03072326544132102
611,0.3770238900920184,1.2006571168964066
612,0.3371880838082932,0.06840163042145796
613,-0.06482476593442137,0.00906161951496305
614,-0.8281775594357272,-0.07727814076672565
615,0.014304256091604933,0.06022841023201238
616,-0.0005525790402590344,-0.00234640671125044
617,0.5702112144334548,0.11858497731206961
618,-0.43318107920201343,9.28351607869818e-05
619,0.026242851754332015,0.0001402231313006064
620,-0.0324443941252116,-0.003017631639538769
621,0.0015108554627772082,0.0006710394768323883
622,0.0774189103525948,-0.05216570606176088
623,0.00443225638882763,-0.011700852774935934
624,0.0010547712464531323,-0.09555806995831606
625,0.06722970177443015,-0.0015109061674868146
626,9.98158650768035e-05,-0.03861430795529047
627,-0.00011039104852844519,-0.49209555492195795
628,0.3525108062453375,-0.018704154783639824
629,-1.025083696767724,0.2633290677485221
630,0.0426381013606181,-0.000567557077689545
631,0.5476717920179122,-0.010206700825045335
632,0.012719787473142778,-0.15829363017311424
633,0.094073463804585,-0.027475645666636597
634,0.2526256902898993,-0.044618015495295815
635,0.38754911288436167,0.06576486017142233
636,-0.10563866356710588,-0.08457976690823593
637,0.03775335837141319,-0.04130757053247058
638,1.4443385186257034,0.17570029002707027
639,-0.10875113096603431,0.15978359271271847
640,5.048083745644262e-06,-0.001049012029103324
641,-0.013963137280627322,-0.05551170839064304
642,-0.03737428659584306,0.1306453289211893
643,0.00024529102103769705,-3.406084458673791e-05
644,-0.016207754734442335,-0.8441177540014118
645,-0.15685609877509968,-0.024750189208605205
646,-0.33068713695364155,0.004379043640234284
647,0.165089185170316,0.003308550223135819
648,0.8448039104323719,-0.02244360165064919
649,0.7277061183541215,-0.3219059406851762
650,-0.08012100666264771,-0.2004324390007156
651,-0.28121247045566306,0.18056086881701564
652,-0.0023918699266786926,-0.023704562216290886
653,0.04334824845096883,-0.7501229566234916
654,-0.0015279097013838052,-0.03062009441574322
655,0.35632052139630654,0.41332699544148127
656,0.11222401448898517,-0.17178719586640046
657,0.0033593055858289252,0.0678430431771722
658,-0.07467719497578716,0.000933325973435133
659,-0.005687148864897433,0.001609659838711054
660,0.4572799221917377,-0.10853315347894539
661,-0.010797691389957023,0.01624779872042578
662,-0.0031742236118877235,-0.1798311358920562
663,-0.17130775038430068,-2.033448794422203e-05
664,0.12449098668166601,0.0009315751205164976
665,-7.761619206364359e-05,0.0004843631770190657
666,0.00046675168651926836,-0.0001931871618174975
667,-0.5177534063428303,0.09258793203529211
668,-0.015239258487235098,0.12196951166135994
669,-0.19062451239405281,-0.6634473850830404
670,0.000422343839843411,-0.0009498695382760656
671,0.4614392673837475,0.0017709188034481028
672,-0.1757092919365621,0.04898952124375757
673,-0.49662693901638283,0.010289640374205386
674,6.462878471086529e-05,-6.844759003396413e-05
675,0.03637799281108703,-4.93239364604628e-05
676,-0.017442427807563474,-0.023305347519934124
677,-0.007877376722908285,-0.01755457352163542
678,0.0011708363598325025,0.0838922247852977
679,-0.000257314696976979,-1.0453503820942467e-12
680,0.003555599072699799,0.00012639486009136594
681,-0.11503871876807313,-0.14674478902804583
682,-0.09541526429326064,0.005727895005507254
683,-4.39121255917854e-06,0.11469718879212815
684,0.06733745790775778,1.130461072057533
685,0.015389622628467875,0.15606675344977228
686,-0.0015813629299625072,0.17897636926265387
687,0.004687188853523466,0.3329147982998936
688,-0.0461918591891933,-0.07001667558122704
689,-0.0007913744037043916,-0.09123270594053293
690,-0.39627965340045096,0.3018813687922227
691,-0.2966258153505148,0.023913837444753155
692,-2.460775058692646,0.00395565017596985
693,0.3213817079571931,0.027136365560626326
694,0.02106122985971675,-0.0002714105247053921
695,0.033833812432472264,0.04374260689453177
696,0.02194731109272692,0.001676305452880904
697,0.0023127122138010036,-0.0012295435253579098
698,7.84690814052827e-05,-0.011795026297503362
699,-0.01338478705534216,0.03971762608541465
700,0.012531711689795132,-0.03113888639901794
701,-1.6502268774448975e-05,0.0040784981008087865
702,-0.0026424976602916136,0.0032218508007388746
703,-0.0063144793394338886,0.20955084389410686
704,-0.05879995360623999,3.929355393853753e-06
705,-1.3240926735827552e-05,0.02114675284063823
706,-0.2395138810969044,0.010903627298942063
707,-0.10590689460377277,0.0003203803689288495
708,0.0011464340422336463,-6.448165686153093e-10
709,0.3432714014752618,-0.07155571639239477
710,4.0177299159550334e-05,-0.07123289205554387
711,-0.001041499442974247,-0.5169847467356333
712,0.017893006617246198,0.0018371254150860096
713,0.08859175631624086,0.06742489159890643
714,0.3102282855563777,-0.002025757253855677
715,3.234389880595633e-05,-0.014419453491708657
716,0.19590906299384736,-0.07202757277123963
717,-0.009649274377338887,-0.03053159757660956
718,-0.5892609581087772,0.028010855477609356
719,0.3966895601171574,-0.00046344497262337564
720,0.03396123882996563,-0.03440903471584416
721,-0.0006707294387813196,-0.5293389047025462
722,5.711256676071222e-05,0.0034994205169757812
723,0.14389375937805748,-0.024970836876280503
724,0.0027360337293358145,-0.02753640657804306
725,-0.5139302336393307,0.011825677380925366
726,0.09519621427693763,0.20535124548325154
727,0.3491505366298826,0.21934085262707828
728,0.2648957658702306,0.00019003242506574
729,0.01770670821341294,0.015234342643030599
730,0.046069442650845685,-0.05916469818709938
731,-0.018060064505237935,0.010804139670176079
732,0.01704071001558859,-0.7890815707288016
733,-0.001993894876499005,-2.096773987835721
734,-0.15695153167730116,-0.011482839021259326
735,-0.050717621820059504,0.3578572399759184
736,-0.004981646662579127,0.08744776376138302
737,0.0018132780251664858,-0.2389104289863343
738,0.0002827624756186358,-0.22196325330057343
739,0.42132799597138054,-2.2698112171701075e-05
740,-0.07339078917738658,0.08697659716433344
741,0.6478672635115847,4.1461608799885994e-05
742,0.045111802173600335,0.15578406194748703
743,-0.0009094040978384886,-1.8017245222166793
744,-0.22264506159704964,-0.06561792790024482
745,0.060237229003569676,8.299940235613574e-06
746,-0.22838647178719673,0.019977536700718806
747,0.46549521702901453,0.001033258652474628
748,-0.11505313815528179,0.05502613681484547
749,0.08127966941680831,0.002828397854657239
750,-0.009995148591991734,0.0477487242082172
751,0.6846703682731592,0.3154762395413369
752,-0.22659822061957816,0.13154766409449398
753,0.0008733839191271174,-0.3346766541047357
754,-0.1378551832935777,-0.07589963232775884
755,0.09216968094369125,0.023286962583556187
756,0.15858052726787797,0.19018380808547053
757,0.18718954005933847,-0.00026168905208401576
758,-0.07683075494783127,-0.000308670233632846
759,0.0014458509467367867,0.003064629620177766
760,2.965238742586165e-06,0.0650135824474353
761,0.01612599481606997,0.01697205352934587
762,0.09669925617444884,-0.000507950079722119
763,0.42041841113561385,-0.0004252758968786568
764,-0.5441335022168525,2.4645631699769755e-05
765,0.00020461311289201868,-0.002968435168478781
766,0.3797009226384731,0.0005014314990481597
767,0.05158343398565023,0.0002885811018110441
768,0.3058927951557819,0.30683301726564055
769,-0.07294970651624784,0.004630157091796384
770,0.007146182376052114,-0.006696911055649492
771,-0.03870475511720405,0.0034109777308453347
772,0.02359818111661603,0.047690746689008606
773,-0.009864061031743844,-0.13753713881474558
774,0.032371753300402456,-1.1512812849392304
775,0.003828670840592201,-0.0729548438283453
776,9.302945841537771e-05,0.31395403403279554
777,-0.05145905958790953,0.13460660524046028
778,-0.018127195369527886,2.1892142619521587e-06
779,-0.02231632426750567,0.0038711347305314136
780,-0.006838688412712428,0.03876402494386648
781,-0.001663919251524644,-2.3138887386487674
782,0.005743342822808058,0.3395645657856081
783,-0.022275774127321818,-0.03333979854182638
784,0.10625205297525318,-1.5060135775302449e-05
785,0.000978127019083518,-0.393256500290856
786,5.3168010835364246e-06,0.14377480563120146
787,-0.007829536480937363,-0.0007281809363405326
788,0.008184167220906542,0.004872717410985696
789,0.1926090026985328,0.06824194422578843
790,0.05308297372932075,0.2230853490100839
791,0.023949423031382287,4.9348733402886764e-05
792,-4.866882589777982e-05,0.4788812314405708
793,-0.03613576581914375,-0.5835425176072729
794,-0.0008046159779223072,-0.0062533076171169795
795,-0.6827390971822523,-0.31781496188393765
796,0.004673636521576105,-0.05745690955029551
797,0.33500727750395787,0.03867322294027504
798,0.3388114105091245,-0.4278458944112338
799,-0.06537540542222506,-0.42466746729270205
800,0.09695549231070814,-0.005485482204671456
801,0.0015712907745623818,-0.01189217404855066
802,-0.000684592680792466,0.061938003225687654
803,-0.21020973458620829,0.20355444140230167
804,-0.3554478809444485,-0.09122477874919206
805,0.14874619545471135,0.016342716534654324
806,-0.0366280277138794,-0.01759065499665226
807,0.00026230949933945494,-0.0022553552626043286
808,-2.0478111752847593e-05,-9.322084360640617e-05
809,-0.08206946043665801,0.058252272235879025
810,0.003986932344943412,0.016449347186432425
811,2.47345337742705e-06,-0.015258149266921893
812,0.19515048897550857,-0.001718103934658984
813,0.13362426083279588,0.00264276233658618
814,0.0038471371126343164,-0.683656900840023
815,0.23892369456752138,-0.004394728881639163
816,0.007951841646733376,0.00016968439942193603
817,0.2672889043526764,0.006075844808099119
818,-0.2737173877802928,0.0023729470479998266
819,-0.019847438841746168,0.0156950160776834
820,-0.06791694476464458,-0.7313346100939618
821,0.0014881565282722062,-0.06660885885253302
822,-0.029542565203889405,1.944691449744867
823,0.19721143782006298,0.0013317495687945127
824,0.011308295538319723,-0.14146218187851553
825,0.04317358755077223,0.44378903955376103
826,0.13825777945690307,-0.06285411856898923
827,-0.029194760806830512,0.01769920315293858
828,-0.013050004725719567,-0.0017515737395327334
829,1.1252395513336488,-0.0422596371197626
830,0.9976732552140112,-0.239813124198073
831,-0.4935770820405285,-0.0022745997291257866
832,-0.31200356242307253,-0.0034691613828679206
833,-0.010193480041121604,-0.016598068288443953
834,0.49686651666560044,-0.27090689452235
835,-0.28148809381181966,-0.054676720307511285
836,-0.11009907521734374,0.3132868960523238
837,-0.29112607737070756,2.530080359130517e-05
838,0.0006644792497400892,0.0018956564611226968
839,0.02738496027261706,-0.42748872625976225
840,0.002412138702928626,0.6610709908297597
841,-0.01231098784694299,0.005094933741257363
842,0.014298673865493272,0.00020053114998524443
843,0.07270802738245415,0.020951933372709876
844,-0.020447779051890755,0.00017430334862527703
845,-0.12655667354527997,-0.003654571418991283
846,1.8311831882822137e-05,-0.22993112109112826
847,-0.07864389886692515,-0.024262117904340366
848,0.44833574998472026,-0.15178918223637056
849,-0.0010079147833031734,0.21696730442730172
850,0.7109544367710446,-0.024820947852932707
851,-0.2912576543706785,-0.2787817006101329
852,-0.03286012309333878,0.02588727693955585
853,-0.026690461506713517,0.05540474968802403
854,-2.917467770563193e-05,1.4405209478403155e-05
855,-0.0019368197771294723,-0.0013213074009238758
856,-0.00018005529375859835,0.0010108474380057689
857,0.030025855181161007,-0.0027051348098038643
858,0.0009011024719348997,0.002376866673053687
859,0.0370614161758683,-0.489126241399094
860,-0.0035899624204887392,0.0014560852563935004
861,-0.11085557698491721,-0.005117471438009353
862,-0.040111953297772174,-0.007976719656741137
863,-0.002273758306595791,-0.013818090082978017
864,0.004704888751500708,-0.04810768992553648
865,-0.057712641915495605,-0.02828704449840563
866,-0.3153933794810835,-1.0261957770887353
867,5.122353605434108e-05,0.14411192098211295
868,-2.2749425435374673e-06,0.03494700331472738
869,-0.0017963652390927622,0.30765477461243457
870,0.13441995308115084,-0.08537457835841154
871,0.0001514449578161369,-2.101150268517752
872,-0.009006590882043026,0.001511383398156712
873,0.024215383229319487,-0.018715080236978147
874,2.3032962201941878e-05,0.09612623973975755
875,0.013094127120520382,0.5144301383409736
876,0.006135970783234104,0.06910999062660314
877,9.712975375517291e-05,-0.007146129485263265
878,0.10104199921014854,-0.00040372398467153375
879,0.010567661913920714,-0.0018068157345539773
880,-0.01857317701608173,-1.1557249582359416e-08
881,0.034625778408981005,-0.09234555915205653
882,-0.02139458495582068,-1.330586380101563
883,-0.08587033243497509,-0.09066672996875785
884,-0.17202516376130447,-0.01864184270786423
885,-0.0001984094882316414,-0.007732911195179756
886,-0.010577380008629116,-0.003154669670037335
887,-0.1354583156661141,-0.10043451608473696
888,0.13433120084696754,-0.41192864925075334
889,0.28159585691844496,-0.0022914520115494153
890,0.20598018673762894,-0.00704271556433156
891,-0.019018900884509055,0.07371141812452701
892,-0.33043414005333216,-0.0008115749135053845
893,0.7239756870610088,0.3867168034800142
894,0.09866747796397224,0.1853639759457038
895,0.11267694422940891,-0.08245102435227117
896,-0.020523065330958754,2.6631206127444452e-05
897,0.005557956216137813,1.010094606056087
898,-2.3891416639579,-0.020435105772321
899,0.0004787346997113683,0.0016593617194296277
900,4.871316404592503e-05,1.2236332344578251
901,-0.25487397198830253,6.825013702399975e-05
902,-0.0011706757852307237,0.06612348542047729
903,0.4815968033745482,0.013205104692418469
904,-0.07315916740654703,3.2486466799557814
905,0.8965051271745637,-0.0002999791320317372
906,0.02261824432189377,0.0611072112596865
907,-0.06433663453826616,-0.07300976622170957
908,1.5215752831587588e-07,0.2260513382755437
909,0.3676514761795357,-0.048667711993763955
910,0.042584401068161415,-0.0004296163427143057
911,0.018977058045949464,0.0013623917522354878
912,0.015953696815618795,-0.22615817938070837
913,0.005179320644454308,0.015035753450897119
914,-1.3774812930491123,0.11242856409705788
915,0.0011453522871906223,-0.1808403002065469
916,-0.0007559521890612621,-0.017533084204627715
917,-0.06248060186542803,0.0015402390617661138
918,0.5418094787286541,-0.0661320509096789
919,0.00030153997381481224,0.03475645164398571
920,-0.027590385659335442,-0.13381025661064155
921,-0.5794875567432425,0.06308710156031087
922,-0.0005512775180968635,-1.4473237083075414e-05
923,-0.6834507581450602,0.037923261829808486
924,-0.06393301290854506,0.00023299357989270343
925,-0.11866810633047356,-0.0007893110031439742
926,0.0038438574730378598,-1.6774856437193582
927,0.00040107246059039957,1.5067310882183904
928,0.001321145210021215,0.015386050854087983
929,-0.0159171721086329,-0.0012170487329651702
930,-0.2108010943939231,-0.044268591132768105
931,0.00046695356641379834,1.0862518955384259e-05
932,0.017459107801331183,0.2225606502871655
933,0.15023639108216705,0.01064700415465089
934,2.176490570315858,2.58201802145893e-05
935,-0.0007812948521784797,-0.014077336561348217
936,0.000834910257801797,-0.024428153881408822
937,-0.001311283506493315,-0.00023876322335580604
938,0.01793273444359241,0.2529592085373954
939,0.001394436938255003,-0.003145742799708924
940,0.08397146719149988,1.2057240595778587
941,-0.6187323188063965,-0.0038793322851991513
942,-0.060714422564716,0.8656632839925478
943,-0.09314424592460797,-0.2455115771052027
944,-0.18001991135080325,-0.04753568458498231
945,-0.1870702889922872,-0.0019209002937229875
946,-0.016886051798580035,-0.8586269475921395
947,-0.09540495784712195,0.0019416189701413986
948,0.0011635473828092492,-0.7565535940440177
949,0.03265166343452033,-1.9737538533142844
950,0.03501205668318947,-0.2544937176687688
951,0.39064806138159835,-0.004377500354257171
952,0.004768387052525741,-1.2042092487500076
953,0.06951955435049915,0.013776211985109374
954,-6.923594316363993e-05,0.00011908318234141445
955,-0.0058445819287509145,-0.123118162609158
956,0.08272383013796608,-0.16173567585256587
957,0.2664413673697703,-0.00015408588173956272
958,-0.07691851307356878,0.17038768356306475
959,-0.03443231007355845,-0.3493019207419948
960,0.006495723540082778,0.053633304106752516
961,-0.001234986513400783,0.1626348874387107
962,0.22647646298841084,-0.9678627129610163
963,-0.0001373331400219197,-0.27964985478030696
964,-0.0002206854211461115,0.023504193374978416
965,-0.3657946108256618,-0.003715314298005659
966,0.40132484913957667,0.017738240332956734
967,-0.2698633030668342,-0.25829324785096297
968,1.2861339299537344e-05,-7.393050260984852e-07
969,-3.15640014043717e-07,0.9170534850072383
970,-1.8516402269036492,0.03275625241235577
971,-0.17139303903439468,0.004979887993527409
972,0.03221722883220691,-0.9391610244362316
973,-0.006167930497156957,1.015291331768172e-05
974,-0.014591770189163494,-0.09090434968825911
975,0.00010630028792142162,-1.7481245872070795e-05
976,-0.08079928601315846,3.4858436244357576e-07
977,0.3583063750527673,-0.0008477176462193432
978,-1.0234446828575579,0.01185372035934976
979,-0.2780273668427864,-1.591584871377462
980,0.09296082046536681,-0.0015241702538283785
981,-0.001461615117562808,0.020916193706495598
982,5.3635793891464094e-05,-0.35305608895641605
983,-0.0032159769362419023,-0.15128887296284887
984,0.03823872913292081,-0.41965589590285984
985,-0.3474409530358982,4.9675684663967225e-05
986,0.01679383810409282,0.00037555989284579776
987,0.06094627167775745,-0.24776152172012816
988,0.25197940802183233,0.0061693174756819805
989,-0.2710575615524781,0.0025440809162682082
990,6.878554812178528e-05,0.25191544091513124
991,0.20342278096876032,0.006618000844873334
992,-0.014224124050062717,-0.07588866481764582
993,-0.016377378194081697,-0.020916521614347556
994,-0.0003704728460629372,0.0038830154982102344
995,-1.8996754026024486e-05,-0.05165898191316803
996,-0.09980504067194633,-0.06666993268736268
997,0.018556396130135985,-0.00011561930813901085
998,-0.0003619203694813667,-0.10120944499555147
999,0.0002638757682594344,0.11433872740944387
